,match_id,team_id,team_name,team_rating,date,won_corners,att_sv_low_centre,won_contest,total_tackle,aerial_lost,possession_percentage,accurate_pass,total_pass,total_throws,shot_off_target,total_offside,blocked_scoring_att,ontarget_scoring_att,aerial_won,att_miss_left,total_scoring_att,fk_foul_lost,att_miss_right,att_goal_low_left,att_goal_low_right,att_sv_low_left,goals,att_pen_goal,att_sv_high_centre,att_goal_low_centre,att_miss_high,att_post_left,post_scoring_att,att_miss_high_right,att_sv_high_right,att_sv_low_right,att_sv_high_left,att_miss_high_left,att_goal_high_right,att_goal_high_left,att_post_right,att_goal_high_centre,penalty_save,att_post_high
0,1190418,166,Huddersfield,6.14,30/01/2018,1,1,5,11,15,25.3,214,308,15,2,3,2,1,16,1,5,8,1,,,,,,,,,,,,,,,,,,,,,
1,1190418,26,Liverpool,7.22285714285714,30/01/2018,4,2,6,13,16,74.7,809,913,24,3,2,4,7,15,,14,8,3,1,1,1,3,1,1,1,,,,,,,,,,,,,,
2,1190424,211,Brighton,7.15384615384615,01/01/2018,5,1,12,23,16,49.1,300,394,21,3,1,6,6,25,,15,13,2,,1,3,2,,,1,1,,,,,,,,,,,,,
3,1190424,183,Bournemouth,6.90285714285714,01/01/2018,12,3,17,6,25,50.9,329,403,19,5,,13,8,16,,26,9,2,1,1,,2,,,,1,1,1,1,1,2,,,,,,,,
4,1190342,15,Chelsea,6.77142857142857,13/01/2018,6,1,15,13,18,55.4,426,508,21,4,5,6,7,11,2,17,14,,,,2,,,1,,1,,,1,,2,1,,,,,,,
5,1190342,14,Leicester,6.955,13/01/2018,3,1,21,15,11,44.6,329,415,17,6,3,7,1,18,3,14,13,1,,,,,,,,,,,1,,,,1,,,,,,
6,1190356,26,Liverpool,7.84428571428572,26/12/2017,4,2,24,20,12,55,530,601,14,7,3,6,9,8,4,22,5,1,,,1,5,,,2,1,,,,,1,,1,1,2,,,,
7,1190356,259,Swansea,5.83142857142857,26/12/2017,2,1,9,13,8,45,422,496,17,2,,1,4,12,,7,8,2,,,1,,,,,,,,,,1,1,,,,,,,
8,1190430,15,Chelsea,6.48928571428571,31/01/2018,8,3,22,16,10,65.7,517,618,29,8,4,8,5,23,,21,5,4,,,,,,,,3,,,,,2,,1,,,,,,
9,1190430,183,Bournemouth,7.36714285714286,31/01/2018,5,1,10,23,23,34.3,241,329,20,2,2,4,5,10,1,11,12,,,1,,3,,,1,1,,,,,,1,,,1,,,,
10,1190381,15,Chelsea,7.01142857142857,10/03/2018,12,3,19,17,15,62.3,518,593,22,9,2,7,11,18,2,27,8,2,1,,4,2,,,,3,,1,,1,2,,1,,,1,,,
11,1190381,162,Crystal Palace,6.74857142857143,10/03/2018,3,,12,19,18,37.7,288,361,15,5,2,2,2,15,,9,9,2,,,,1,,1,1,1,1,1,,,,,1,,,,,,
12,1190395,23,Newcastle United,7.19428571428571,11/02/2018,,,9,20,19,35.9,251,361,18,5,2,2,3,24,2,10,12,2,,1,,1,,1,,,,,,,,1,1,,,,,,
13,1190395,32,Manchester United,6.575,11/02/2018,10,3,18,12,24,64.1,503,630,33,3,2,6,4,19,1,13,15,2,,,,,,1,,,,,,,,,,,,,,,
14,1190183,175,West Bromwich Albion,7.02857142857143,12/08/2017,8,1,1,19,18,28.7,157,242,30,9,2,1,6,12,3,16,15,1,1,,1,1,,,,3,,,1,,3,,1,,,,,,
15,1190183,183,Bournemouth,6.50357142857143,12/08/2017,2,,5,16,12,71.3,527,612,14,2,,5,2,18,,9,3,,,,,,,1,,,,,,,1,,2,,,,,,
16,1190197,32,Manchester United,7.265,26/08/2017,9,,17,9,24,69.1,576,662,19,7,2,8,7,22,3,22,8,1,,,4,2,,,1,2,,,1,,1,,,,,,1,,
17,1190197,14,Leicester,6.68142857142857,26/08/2017,3,1,10,22,22,30.9,208,300,14,5,3,2,4,24,2,11,7,3,,,2,,,,,,,,,,1,,,,,,,1,
18,1190550,162,Crystal Palace,6.51538461538462,31/03/2018,4,,15,25,17,32.2,195,312,22,3,1,,3,17,,6,6,2,1,,1,1,1,,,1,,,,,1,,,,,,,,
19,1190550,26,Liverpool,6.855,31/03/2018,6,1,10,16,17,67.8,550,660,29,4,1,6,6,17,1,16,8,,2,,,2,,,,1,,,1,,2,1,1,,,,,,
20,1190236,13,Arsenal,6.90923076923077,28/10/2017,5,1,3,16,8,72.9,701,805,23,8,2,4,5,17,3,17,9,2,1,1,,2,,1,,,,1,1,,1,,1,,,,,,1
21,1190236,259,Swansea,6.49428571428571,28/10/2017,2,1,4,14,17,27.1,218,300,17,2,1,,2,8,2,4,9,,,,,1,,,1,,,,,,,,,,,,,,
22,1190222,14,Leicester,6.55857142857143,23/09/2017,3,,10,15,30,43.3,237,360,41,2,4,3,7,24,,12,13,1,1,,,2,,3,1,1,,,,,2,,,,,,,,
23,1190222,26,Liverpool,7.14142857142857,23/09/2017,6,1,12,14,24,56.7,352,486,25,9,1,8,6,30,,23,14,4,2,,1,3,,,,3,1,1,1,,1,,,1,,,,1,
24,1190544,183,Bournemouth,5.96142857142857,17/12/2017,2,,6,9,8,44,414,511,24,2,2,2,2,9,1,6,5,,,,,,,,,,1,1,,,2,,,,,,,,
25,1190544,26,Liverpool,7.59357142857143,17/12/2017,3,2,7,12,9,56,576,655,18,12,4,2,7,8,4,21,10,3,3,,1,4,,,1,2,1,2,1,,,,,,,1,,,
26,1190223,167,Manchester City,7.66642857142857,09/09/2017,8,2,4,14,4,66.1,658,730,21,3,5,,10,9,1,13,10,,2,,1,5,,,2,,,,1,,2,,1,,1,,,,
27,1190223,26,Liverpool,5.99642857142857,09/09/2017,3,1,10,15,9,33.9,288,372,17,2,2,2,3,4,1,7,9,1,,,2,,,,,,,,,,,,,,,,,,
28,1190545,96,Stoke,7.49846153846154,23/12/2017,1,1,10,27,24,43.6,259,357,24,2,,2,5,33,,9,9,,,,,3,,1,2,2,,,,,,,,,,,1,,
29,1190545,175,West Bromwich Albion,6.50785714285714,23/12/2017,11,4,10,16,33,56.4,338,445,41,5,2,5,7,24,1,17,11,,,,,1,,,1,1,,,,,2,,3,,,,,,
30,1190551,31,Everton,6.24428571428571,31/03/2018,2,1,4,13,12,18,133,202,14,4,2,,2,12,2,6,10,,,1,,1,,,,1,,,1,,,,,,,,,,
31,1190551,167,Manchester City,6.94785714285714,31/03/2018,11,1,9,8,12,82,905,976,14,8,3,6,4,12,,18,8,5,,1,,3,,,1,3,,,,,,,,,,,1,,
32,1190237,167,Manchester City,7.62214285714286,23/09/2017,8,2,14,6,10,71.9,656,724,21,7,,9,9,10,,25,6,3,1,,1,5,,,3,4,,,,,1,,,1,,,,,
33,1190237,162,Crystal Palace,6.05153846153846,23/09/2017,2,,14,16,10,28.1,205,281,21,2,1,3,,10,1,5,7,,,,,,,,,1,,,,,,,,,,,,,
34,1190196,26,Liverpool,6.93769230769231,16/09/2017,12,3,14,6,15,71.3,581,676,29,14,1,12,9,8,3,35,7,3,1,,2,1,,,,4,,1,1,,3,,2,,,,,,1
35,1190196,184,Burnley,6.64785714285714,16/09/2017,2,,3,11,8,28.7,183,277,10,1,5,,4,15,,5,9,1,1,,1,1,,,,,,,,1,1,,,,,,,,
36,1190182,27,Watford,6.69142857142857,12/08/2017,3,,11,19,25,45.6,277,395,26,4,3,1,4,22,1,9,14,3,1,,,3,,1,1,,,,,,,,,1,,,,,
37,1190182,26,Liverpool,6.78,12/08/2017,3,1,6,20,22,54.4,352,477,27,8,1,1,5,25,1,14,8,4,1,1,,3,1,,,2,,1,,,,1,,1,,,,,1
38,1190394,14,Leicester,7.22076923076923,20/01/2018,4,3,19,15,22,53.4,331,422,24,3,5,1,5,14,1,9,11,1,,1,,2,1,,1,,,,1,,,,,,,,,,
39,1190394,27,Watford,6.45428571428571,20/01/2018,5,1,9,27,14,46.6,254,356,19,4,3,4,3,22,1,11,10,,,,1,,,,,2,,,,,1,,1,,,,,,
40,1190380,183,Bournemouth,6.87714285714286,30/12/2017,4,2,12,8,22,47.2,290,416,25,7,,4,7,26,2,18,8,1,,1,1,2,,,1,1,,1,1,,1,1,1,,,,,,1
41,1190380,31,Everton,6.45071428571428,30/12/2017,4,,3,14,26,52.8,348,471,21,3,5,2,1,22,,6,13,2,1,,,1,,,,1,,,,,,,,,,,,,
42,1190357,18,Southampton,6.87428571428571,03/03/2018,15,1,17,18,27,65.2,329,422,32,5,2,7,6,15,1,18,8,2,,,3,,,,,1,,,1,1,1,,,,,,,,
43,1190357,96,Stoke,7.00928571428572,03/03/2018,4,1,8,13,15,34.8,162,240,22,9,2,,3,27,3,12,13,,,,1,,,,,4,,,2,,1,,,,,,,,
44,1190431,184,Burnley,6.85545454545455,24/02/2018,7,1,6,8,24,50.1,258,371,32,3,1,3,3,30,1,9,8,1,,,,1,,,1,1,,,,,1,,,,,,,,
45,1190431,18,Southampton,6.81285714285714,24/02/2018,5,1,9,23,30,49.9,253,378,26,3,,4,6,24,1,13,14,1,,,,1,,1,,1,,,,1,1,1,,,,,1,,
46,1190425,14,Leicester,7.21785714285714,09/05/2018,6,1,10,16,12,40.4,241,310,18,6,6,3,10,14,,19,7,2,1,1,1,3,1,1,,2,,,1,,2,2,1,,1,,,,
47,1190425,13,Arsenal,6.58461538461538,09/05/2018,6,3,14,18,14,59.6,386,477,21,4,1,3,7,12,1,14,12,,,,2,1,,,,1,1,1,1,,1,,,,1,,,,
48,1190343,183,Bournemouth,6.81,03/02/2018,8,4,11,10,35,57.3,317,439,27,3,2,4,8,26,1,15,14,1,,1,1,2,,,,1,,,,,1,,,1,,,,,
49,1190343,96,Stoke,6.94571428571428,03/02/2018,1,2,9,28,26,42.7,221,328,26,6,6,3,4,35,,13,19,4,,1,,1,,,,,,1,1,,1,,,,,,,,1
50,1190419,13,Arsenal,6.26818181818182,01/03/2018,6,2,9,24,9,45.8,425,538,28,2,,3,5,6,1,10,11,1,,,,,,1,,,,,,,2,,,,,,,,
51,1190419,167,Manchester City,7.44428571428571,01/03/2018,1,2,21,11,6,54.2,556,653,26,1,1,3,5,9,,9,11,1,,1,,3,,,,,,,,,,,,,2,,,1,
52,1190369,27,Watford,6.98857142857143,03/03/2018,4,,12,12,38,53.3,290,412,21,6,3,5,4,25,1,15,11,2,,,1,1,,,,2,,,1,,1,1,,,,,1,,
53,1190369,175,West Bromwich Albion,6.69857142857143,03/03/2018,6,1,7,17,25,46.7,228,346,27,5,1,2,2,38,1,9,12,2,,,1,,,,,1,,,1,,,,,,,,,,
54,1190433,167,Manchester City,7.3,09/05/2018,4,3,15,14,10,73.8,784,854,21,8,1,4,7,21,2,19,5,3,2,1,1,3,,,,1,,1,,,,,1,,,,,,1
55,1190433,211,Brighton,6.29214285714286,09/05/2018,3,1,4,14,21,26.2,240,301,16,3,2,,3,10,,6,7,1,,,1,1,,,,1,,,1,,,,,,,,1,,
56,1190355,162,Crystal Palace,7.15666666666667,04/02/2018,5,3,15,20,19,54.3,335,424,36,10,4,4,6,31,1,20,11,2,,,1,1,1,,,3,,,3,,1,,1,1,,,,,
57,1190355,23,Newcastle United,6.67642857142857,04/02/2018,6,4,3,11,31,45.7,253,363,21,2,3,2,8,19,1,12,8,1,1,,,1,,,,,,,,1,2,,,,,,,,
58,1190341,162,Crystal Palace,6.96166666666667,05/03/2018,3,,15,19,22,30.5,185,278,15,5,2,1,4,24,,10,10,3,,,1,2,,,,2,,,,,1,,,1,1,,,,
59,1190341,32,Manchester United,6.89642857142857,05/03/2018,7,2,16,9,24,69.5,554,654,28,3,2,6,8,22,3,17,8,,1,2,,3,,2,,,,,,,1,,,,,,,,
60,1190427,211,Brighton,7.145,24/02/2018,3,,8,24,12,47.8,309,408,12,9,3,2,5,21,1,16,17,5,,,1,4,1,,3,,,1,2,,,,,,,,1,,1
61,1190427,259,Swansea,6.02,24/02/2018,5,,8,20,21,52.2,334,434,27,6,,4,1,12,3,11,6,,,,1,1,,,,,1,1,1,,,,1,,,,,,
62,1190396,26,Liverpool,6.77214285714286,30/12/2017,7,2,10,15,17,60.6,456,566,41,7,4,5,6,17,2,18,7,1,,1,,2,,,1,2,,,2,,2,,,,,,,,
63,1190396,14,Leicester,6.54,30/12/2017,1,,10,16,17,39.4,258,371,25,1,3,5,1,17,,7,3,1,,,,1,,,,,,,,,,,,,,,1,,
64,1190382,211,Brighton,6.01571428571429,20/01/2018,5,3,8,11,12,41.7,287,362,23,5,4,2,3,13,1,10,12,1,,,,,,,,2,,1,,,,,,,,1,,,
65,1190382,15,Chelsea,7.57214285714286,20/01/2018,3,4,18,13,13,58.3,462,535,20,1,,3,10,12,1,14,5,,1,1,,4,,,,,,,,,2,,,1,,,1,,
66,1190194,166,Huddersfield,6.64785714285714,16/09/2017,8,1,8,16,27,59.8,383,486,33,6,3,6,3,24,3,15,6,3,1,,,1,,1,,,,,,,,,,,,,,,
67,1190194,14,Leicester,6.65214285714286,16/09/2017,4,,13,8,24,40.2,247,344,35,4,1,5,1,27,1,10,6,1,,,,1,1,,1,1,,,,,,,1,,,,,,
68,1190180,23,Newcastle United,6.28142857142857,13/08/2017,5,1,4,12,15,26.9,157,245,26,4,2,,2,16,2,6,6,,,,,,,,,1,,,,,1,,1,,,,,,
69,1190180,30,Tottenham,7.21785714285714,13/08/2017,7,3,10,16,16,73.1,628,702,26,5,1,7,6,15,1,18,10,3,,,,2,,,2,,1,1,,,1,,,,,,,,
70,1190209,30,Tottenham,6.41642857142857,20/08/2017,14,2,16,14,16,67.7,501,592,25,6,,6,6,12,2,18,14,2,,,1,1,,1,,,,1,1,2,,,,,,1,,,
71,1190209,15,Chelsea,7.05307692307692,20/08/2017,4,,9,31,12,32.3,195,280,8,4,,3,2,16,,9,21,1,,1,,2,,,,1,1,1,,,,,1,1,,,,,
72,1190547,23,Newcastle United,7.17285714285714,13/05/2018,4,1,6,19,25,41.9,316,406,20,5,,5,6,11,5,16,11,,1,,,3,,1,2,,,,,,1,,,,,,,,
73,1190547,15,Chelsea,6.40285714285714,13/05/2018,2,1,15,18,11,58.1,486,569,20,3,2,1,2,25,1,6,10,,,,,,,,,1,,,,,,1,1,,,,,,
74,1190221,162,Crystal Palace,6.27214285714286,26/08/2017,1,1,7,16,18,53.1,416,504,27,12,,1,3,21,5,16,9,3,,,1,,,,,3,,,1,,1,,,,,,,,
75,1190221,259,Swansea,7.08,26/08/2017,1,1,4,20,21,46.9,369,464,20,2,3,2,3,18,1,7,6,1,1,1,,2,,,,,,,,,,,,,,,,,
76,1190235,29,West Ham,6.13769230769231,20/10/2017,10,2,8,15,22,65,506,604,25,5,3,9,2,15,1,16,5,2,,,,,,,,2,,,,,,,,,,,,,
77,1190235,211,Brighton,7.27357142857143,20/10/2017,3,1,5,10,15,35,251,337,17,1,1,1,5,22,,7,13,,1,,,3,1,,1,1,,,,,1,,,1,,,,,
78,1190553,183,Bournemouth,6.935,05/05/2018,11,2,5,5,23,45.2,277,365,21,6,4,2,5,32,,13,10,1,,,1,1,,,,3,,,1,,1,,1,1,,,,,
79,1190553,259,Swansea,6.60857142857143,05/05/2018,6,2,4,23,32,54.8,326,446,24,6,1,3,3,23,1,12,10,,,,,,,,,4,,,,,1,,1,,,,,,
80,1190234,30,Tottenham,7.23,22/10/2017,3,,6,22,8,36.2,274,359,24,5,1,3,6,10,2,14,2,1,2,1,,4,,,1,1,,1,,,2,,,,,,,,1
81,1190234,26,Liverpool,6.21642857142857,22/10/2017,5,3,10,26,10,63.8,545,629,32,1,2,4,7,8,,12,8,,1,,1,1,,1,,,,,1,,,1,,,,,,,
82,1190552,13,Arsenal,7.72857142857143,06/05/2018,4,1,12,12,16,63.6,591,662,14,5,,3,8,11,2,16,6,,,2,,5,,1,1,3,,,,,1,,,,2,,,,
83,1190552,184,Burnley,6.02357142857143,06/05/2018,5,1,9,11,11,36.4,296,372,14,2,,2,2,16,1,6,7,1,,,,,,,,,,,,,1,,,,,,,,
84,1190546,211,Brighton,6.94428571428571,16/12/2017,8,1,9,11,36,57.8,375,475,33,6,2,4,2,32,2,12,13,1,,,,,,,,1,,1,,,,1,1,,,1,,,
85,1190546,184,Burnley,6.99692307692308,16/12/2017,2,3,11,12,32,42.2,243,358,15,,2,4,7,36,,11,13,,,,1,,,,,,,,,,2,1,,,,,,,
86,1190220,14,Leicester,6.50357142857143,09/09/2017,2,,7,18,7,40.4,259,347,23,3,1,3,2,12,2,8,11,1,,,1,1,1,,1,,,,,,,,,,,,,,
87,1190220,15,Chelsea,6.93785714285714,09/09/2017,9,3,11,20,12,59.6,434,521,17,5,3,5,6,7,1,16,8,1,2,,,2,,,,1,,,1,,1,,1,,,,,,
88,1190208,13,Arsenal,7.41142857142857,09/09/2017,10,1,8,16,18,58.4,464,583,26,4,4,4,9,18,1,17,14,1,1,1,3,3,,,,1,,,,,2,,1,1,,,,,
89,1190208,183,Bournemouth,6.30214285714286,09/09/2017,3,,7,11,18,41.6,291,401,27,5,,,2,18,1,7,10,2,,,1,,,,,,,1,1,1,,,,,,1,,,
90,1190181,18,Southampton,6.83357142857143,12/08/2017,13,,6,12,18,59.6,432,518,26,16,,11,2,17,4,29,10,6,,,,,,,,3,,1,,1,,1,2,,,,,,1
91,1190181,259,Swansea,6.66857142857143,12/08/2017,,,4,11,17,40.4,284,365,15,2,1,2,,18,1,4,13,1,,,,,,,,,,,,,,,,,,,,,
92,1190195,26,Liverpool,7.535,27/08/2017,4,4,15,19,14,48.6,411,507,17,5,3,3,10,11,2,18,6,2,1,2,1,4,,,,,,,,,,1,1,,1,,,,
93,1190195,13,Arsenal,6.03142857142857,27/08/2017,3,,9,13,11,51.4,438,539,18,6,5,2,,14,2,8,9,1,,,,,,,,1,,,1,,,,1,,,,,,
94,1190383,31,Everton,7.10857142857143,10/02/2018,8,,21,16,27,52.9,298,389,22,2,2,4,5,14,1,11,14,1,3,,2,3,,,,,,,,,,,,,,,,,
95,1190383,162,Crystal Palace,6.70818181818182,10/02/2018,7,,15,10,14,47.1,265,345,28,5,1,7,4,27,2,16,15,1,1,,1,1,1,,,2,,,,1,,1,,,,,,,
96,1190397,23,Newcastle United,7.38142857142857,10/03/2018,2,,8,15,20,37,188,305,28,2,1,,5,28,1,7,10,,2,1,1,3,,,,1,,,,,1,,,,,,,,
97,1190397,18,Southampton,6.04,10/03/2018,6,1,10,14,28,63,374,509,43,3,1,1,2,20,1,6,10,,,,1,,,,,1,,,1,,,,,,,,,,
98,1190340,183,Bournemouth,6.85384615384615,26/12/2017,7,2,10,15,18,56.5,330,424,19,10,,5,10,26,4,25,12,3,1,1,2,3,,1,1,2,,,1,,2,,,,,,,,
99,1190340,29,West Ham,6.92714285714286,26/12/2017,4,1,7,22,26,43.5,236,333,29,3,2,2,5,18,2,10,14,1,2,1,,3,,,,,,,,,1,,,,,,,,
100,1190426,29,West Ham,6.90416666666667,30/01/2018,5,1,12,25,26,40.4,204,296,21,4,2,1,3,24,1,8,11,1,1,,,1,1,,,1,,,1,1,,,,,,,,,
101,1190426,162,Crystal Palace,6.70333333333333,30/01/2018,3,1,7,9,24,59.6,371,454,21,5,,1,3,26,1,9,15,2,,,1,1,,,1,1,,,1,,,,,,,,,,
102,1190432,31,Everton,6.30285714285714,01/01/2018,6,,12,12,17,39.8,282,365,15,6,1,6,,12,1,12,11,3,,,,,,,,2,,,,,,,,,,,,,
103,1190432,32,Manchester United,7.04714285714286,01/01/2018,6,,9,12,12,60.2,495,585,27,8,1,7,6,17,1,21,10,2,,,,2,,1,,3,1,1,1,,2,1,,2,,,,,
104,1190354,26,Liverpool,7.11785714285714,14/01/2018,5,1,18,33,22,35.7,277,367,11,4,3,5,7,4,1,16,10,2,1,1,1,4,,,1,,,1,,,,1,,,1,1,,,
105,1190354,167,Manchester City,6.72307692307692,14/01/2018,6,,20,24,4,64.3,571,667,20,3,3,4,4,22,1,11,7,1,1,2,1,3,,,,,,1,,,,,,,,,,,1
106,1190368,30,Tottenham,7.31071428571429,26/12/2017,3,,15,12,9,57,408,493,15,7,1,2,7,15,2,16,8,1,1,1,,5,,,1,4,,,,,2,,,,,,2,,
107,1190368,18,Southampton,6.40214285714286,26/12/2017,8,1,20,28,15,43,265,359,14,7,1,3,6,9,,16,15,5,1,,1,2,,1,,,,1,1,,,1,,,1,,,,1
108,1190350,166,Huddersfield,6.14692307692308,13/01/2018,7,,12,13,16,64.8,442,549,26,4,,2,2,15,,8,7,,1,,1,1,,,,2,,,,,,,2,,,,,,
109,1190350,29,West Ham,7.34384615384615,13/01/2018,3,1,12,17,15,35.2,209,306,30,1,5,1,6,16,,8,9,,2,1,,4,,,,,,,1,,1,,,,1,,,,
110,1190436,14,Leicester,7.27642857142857,01/01/2018,4,,16,14,26,51.4,387,482,32,6,4,,5,25,1,11,7,2,2,,,3,,2,1,,,1,1,,,,1,,,,,,1
111,1190436,166,Huddersfield,6.4,01/01/2018,1,,11,29,25,48.6,369,455,20,3,1,2,1,26,1,6,9,,,,,,,,,,,,1,,1,,1,,,,,,
112,1190422,259,Swansea,6.88,30/01/2018,4,,6,13,14,25.7,225,306,14,4,,4,4,11,3,12,4,,2,1,,3,,,,,,1,,,1,,,,,1,,,
113,1190422,13,Arsenal,6.25230769230769,30/01/2018,3,2,5,11,11,74.3,824,894,23,4,3,1,4,14,1,9,8,1,1,,1,1,,,,2,,,,,,,,,,,,,
114,1190344,15,Chelsea,7.25285714285714,26/12/2017,13,3,12,12,20,67.2,616,696,11,10,2,7,8,10,5,25,8,4,,2,,2,,,,1,,,,2,1,,,,,,,,
115,1190344,211,Brighton,6.44857142857143,26/12/2017,1,1,4,10,10,32.8,264,342,13,4,2,3,1,20,,8,8,2,,,,,,,,2,,,,,,,,,,,,,
116,1190378,13,Arsenal,7.51785714285714,20/01/2018,5,3,13,19,16,63,642,727,8,1,3,5,10,16,,16,6,,1,1,1,4,,1,2,,,,1,,1,,,,,,,,
117,1190378,162,Crystal Palace,6.49916666666667,20/01/2018,10,2,3,15,16,37,336,406,12,1,1,3,5,16,,9,8,,,1,1,1,,,,,,,1,,,1,,,,,,,
118,1190393,32,Manchester United,6.93571428571429,10/03/2018,1,,7,22,13,32.1,194,283,18,1,3,2,2,22,,5,10,1,,1,,2,,,1,,,,,,,,,,,,,,
119,1190393,26,Liverpool,6.41357142857143,10/03/2018,13,1,16,13,22,67.9,483,584,18,5,,7,2,13,1,14,16,,,,,1,,,,2,,,1,,1,,1,,,,,,
120,1190387,166,Huddersfield,7.19785714285714,11/02/2018,2,,10,21,14,51,319,438,27,5,3,6,4,23,1,15,12,2,2,1,,4,1,,,2,,,,,1,,,,,,,,
121,1190387,183,Bournemouth,6.14285714285714,11/02/2018,6,1,11,18,23,49,289,415,34,2,5,3,2,14,,7,12,1,,1,,1,,,,,1,1,,,,,,,,,,,
122,1190191,15,Chelsea,6.73857142857143,17/09/2017,5,2,14,13,20,50.6,416,532,26,3,4,6,4,17,1,13,11,,,,,,,1,,,,,1,,1,,1,,,,,,
123,1190191,13,Arsenal,6.83785714285714,17/09/2017,1,2,6,19,17,49.4,411,520,15,5,2,4,2,20,1,11,15,1,,,,,,,,,,1,1,,,,1,,,1,,,
124,1190185,184,Burnley,6.46846153846154,19/08/2017,6,,9,9,20,67.8,374,471,22,15,1,5,,24,5,20,11,3,,,,,,,,5,,,2,,,,,,,,,,
125,1190185,175,West Bromwich Albion,6.74923076923077,19/08/2017,5,,6,9,24,32.2,127,228,29,5,3,2,1,20,1,8,11,1,,1,,1,,,,,,,2,,,,1,,,,,,
126,1190224,31,Everton,6.29285714285714,22/10/2017,,1,6,8,13,32.4,199,287,16,4,2,2,3,18,1,9,14,,,,,2,,,1,2,,,1,,,,,,1,,,,
127,1190224,13,Arsenal,7.28538461538461,22/10/2017,7,2,11,12,18,67.6,516,616,30,8,1,8,14,13,2,30,14,4,3,1,2,5,,1,,,,1,1,,4,,,,,,1,,1
128,1190542,13,Arsenal,7.21428571428571,16/12/2017,7,4,21,17,38,71.3,649,761,21,11,1,7,5,26,3,23,13,3,,,,1,,,,5,,,,,,,,,,,1,,
129,1190542,23,Newcastle United,6.75285714285714,16/12/2017,5,1,8,21,26,28.7,201,299,11,4,2,4,2,38,,10,9,1,,,,,,,,3,,,,,1,,,,,,,,
130,1190230,23,Newcastle United,6.77714285714286,21/10/2017,3,,5,16,27,55.3,361,453,22,1,,3,3,23,1,7,12,,,,,1,,,,,,,,1,1,,,,,,1,,
131,1190230,162,Crystal Palace,6.63,21/10/2017,5,,13,16,23,44.7,261,365,31,7,1,3,,27,4,10,14,2,,,,,,,,1,,,,,,,,,,,,,
132,1190218,15,Chelsea,7.11071428571429,27/08/2017,6,4,11,14,10,56.7,500,583,26,4,,7,7,16,1,18,12,2,1,,,2,,,,1,,,,,1,,,,1,,,,
133,1190218,31,Everton,6.36571428571429,27/08/2017,3,,7,17,16,43.3,355,437,20,5,,2,,10,1,7,7,3,,,,,,,,1,,,,,,,,,,,,,
134,1190219,31,Everton,6.855,23/09/2017,4,,3,19,14,50.6,334,426,25,5,3,4,3,15,2,12,12,2,1,,,2,,,,1,,,,,1,,,1,,,,,
135,1190219,183,Bournemouth,6.50571428571429,23/09/2017,6,1,10,13,15,49.4,321,415,20,2,1,2,4,14,,8,11,1,1,,1,1,,,,1,,,,,1,,,,,,,,
136,1190231,18,Southampton,7.21142857142857,21/10/2017,8,4,17,21,20,65.7,492,589,16,11,2,3,6,20,2,20,10,3,,1,1,1,,,,3,,1,2,,,,,,,1,,,
137,1190231,175,West Bromwich Albion,6.42142857142857,21/10/2017,3,,1,10,19,34.3,206,307,16,4,1,1,2,21,2,7,8,1,,,,,,,,,,,1,1,1,,,,,,,,
138,1190225,18,Southampton,6.26571428571429,09/09/2017,7,,6,19,23,52.7,304,423,32,3,2,5,1,19,1,9,8,1,,,,,,,,,,,,1,,,1,,,,,,
139,1190225,27,Watford,7.27142857142857,09/09/2017,4,1,10,19,19,47.3,276,384,26,5,1,4,3,23,2,12,11,1,1,1,,2,,,,,,,1,,,,1,,,,,,
140,1190543,18,Southampton,6.65785714285714,23/12/2017,9,3,8,14,19,52.6,269,384,30,4,3,2,6,22,2,12,16,1,1,,,1,,1,,,,1,,,1,,,,,1,,,
141,1190543,166,Huddersfield,6.71714285714286,23/12/2017,1,1,10,17,22,47.4,223,345,23,4,4,4,2,19,,10,9,1,1,,,1,,,,,,1,1,,,,1,,,,,,1
142,1190184,183,Bournemouth,6.33071428571429,19/08/2017,8,1,6,11,17,55.8,338,438,21,1,1,3,2,16,,6,6,,,,,,,,,1,,,,1,,,,,,,,,
143,1190184,27,Watford,7.20714285714286,19/08/2017,5,3,9,20,16,44.2,265,338,26,7,7,5,7,17,2,19,14,2,1,1,1,2,,,,1,,,1,,1,,1,,,,,,
144,1190190,96,Stoke,7.07714285714286,19/08/2017,2,1,7,19,9,22.9,137,213,13,5,4,2,4,18,,11,6,3,,1,,1,,1,,,,,1,1,,,1,,,,,,
145,1190190,13,Arsenal,6.60785714285714,19/08/2017,9,3,16,15,18,77.1,639,731,21,6,3,6,6,9,2,18,11,1,,,1,,,1,,2,,,1,,1,,,,,,,,
146,1190386,184,Burnley,6.50214285714286,20/01/2018,5,1,9,24,34,48.2,309,423,20,8,1,3,3,12,2,14,7,3,,,1,,,,,1,,1,,1,,,1,,,,,,1
147,1190386,32,Manchester United,7.11928571428571,20/01/2018,4,,13,13,12,51.8,363,461,26,4,2,6,2,34,,12,13,2,,,,1,,,,1,,,,,,1,1,,1,,,,
148,1190392,166,Huddersfield,6.86785714285714,30/12/2017,5,,10,16,24,56.9,284,384,28,2,,,1,31,,3,14,,,,,,,1,,1,,,1,,,,,,,,,,
149,1190392,184,Burnley,6.80615384615385,30/12/2017,4,3,8,17,31,43.1,179,294,29,5,3,2,4,24,2,11,14,2,,,1,,,,,1,,,,,,,,,,,,,
150,1190379,15,Chelsea,7.37428571428571,12/02/2018,8,4,20,21,25,57,486,583,12,6,1,6,8,16,3,20,11,2,1,1,,3,,,1,,,,1,1,,,,,,,,,
151,1190379,175,West Bromwich Albion,6.26,12/02/2018,7,,14,12,16,43,341,428,12,7,3,,1,25,5,8,11,1,,,,,,,,1,,,,,1,,,,,,,,
152,1190423,183,Bournemouth,6.67142857142857,24/02/2018,8,,9,16,29,63.2,449,551,30,9,,4,5,23,2,18,12,1,,,1,2,,,,3,,,1,,1,1,2,,1,,1,,
153,1190423,23,Newcastle United,6.83357142857143,24/02/2018,1,2,7,21,23,36.8,234,338,17,6,4,5,4,29,2,15,10,1,1,,,2,,,1,3,,,,,,,,,,,,,
154,1190345,14,Leicester,6.72214285714286,03/03/2018,13,1,9,21,35,55.4,295,438,26,9,3,10,4,31,2,23,11,4,1,,,1,,2,,1,,,1,,,,1,,,,,,
155,1190345,183,Bournemouth,6.76,03/03/2018,1,1,9,12,31,44.6,244,374,27,4,2,1,3,35,1,8,7,,,1,1,1,1,,,1,,,2,,,,,,,,,,
156,1190351,184,Burnley,6.81916666666667,03/02/2018,3,,3,9,13,29.2,178,278,24,4,1,1,3,15,1,8,9,,,1,,1,,,,2,,,,1,1,,1,,,,,,
157,1190351,167,Manchester City,6.8775,03/02/2018,13,3,7,13,15,70.8,605,695,20,6,,7,7,13,4,20,6,,,,1,1,,1,,2,,,,,,1,,1,,,,,
158,1190437,96,Stoke,6.60857142857143,17/03/2018,1,2,10,19,10,43.5,256,344,8,2,,3,4,21,,9,13,,,1,1,1,,,,1,,,,,,,1,,,,,,
159,1190437,31,Everton,6.79285714285714,17/03/2018,9,4,11,19,21,56.5,346,431,20,5,4,2,9,10,1,16,12,2,1,1,1,2,,2,,2,,,,,,,,,,,,,
160,1190347,211,Brighton,6.84642857142857,03/02/2018,4,1,9,8,28,54.4,338,452,40,11,3,5,5,24,2,21,11,3,1,1,1,3,,,,4,,,,,,,2,1,,,,,
161,1190347,29,West Ham,6.58,03/02/2018,1,,11,17,24,45.6,283,380,25,2,3,1,1,28,,4,7,1,,,,1,,,,,,,,,,,1,1,,,,,
162,1190421,166,Huddersfield,6.34071428571429,17/03/2018,4,1,10,24,32,54.6,326,470,38,3,1,1,2,21,2,6,11,1,,,,,,,,,,,,,1,,,,,,,,
163,1190421,162,Crystal Palace,7.52307692307692,17/03/2018,7,3,15,29,21,45.4,275,393,29,5,2,7,6,32,1,18,12,1,,,1,2,1,,1,3,,,,,,,,,1,,,,
164,1190435,162,Crystal Palace,6.80307692307692,25/02/2018,3,2,5,28,14,23.8,119,205,30,1,,1,3,24,1,5,12,,,,,,,1,,,,,,,,,,,,,,,
165,1190435,30,Tottenham,6.85230769230769,25/02/2018,13,2,7,14,24,76.2,566,662,31,6,1,4,4,14,3,14,5,1,,,1,1,,,,1,,,1,,,,,,1,,,,
166,1190353,167,Manchester City,6.96714285714286,04/03/2018,5,1,20,11,8,71.2,902,976,17,5,2,5,3,5,,13,8,,,,,1,,,1,3,,,,,,1,2,,,,,,
167,1190353,15,Chelsea,6.20928571428571,04/03/2018,2,,8,11,5,28.8,303,392,19,3,1,,,8,2,3,9,1,,,,,,,,,,,,,,,,,,,,,
168,1190409,29,West Ham,6.37916666666667,10/03/2018,5,1,17,14,23,51.7,303,385,25,6,1,3,4,21,1,13,13,,,,1,,,,,3,,,2,,2,,,,,,,,
169,1190409,184,Burnley,7.25153846153846,10/03/2018,1,1,2,11,21,48.3,287,372,24,2,3,1,4,23,1,7,7,1,,1,,3,,,1,,,,,,,,,1,,,,,
170,1190384,15,Chelsea,7.50214285714286,30/12/2017,7,4,10,9,5,58.5,592,653,18,7,3,2,12,13,1,21,5,1,3,1,1,5,1,1,,4,,,1,,1,,,1,,,,,
171,1190384,96,Stoke,6.01692307692308,30/12/2017,,,10,27,13,41.5,395,474,11,,2,,1,5,,1,10,,,,1,,,,,,,,,,,,,,,,,,
172,1190390,31,Everton,6.66857142857143,20/01/2018,,1,8,21,35,56.8,341,474,29,2,,3,4,24,1,9,15,,,,1,1,,,,1,,,,1,,,,1,,,,,
173,1190390,175,West Bromwich Albion,6.80785714285714,20/01/2018,3,,8,15,24,43.2,223,356,31,9,,1,5,35,1,15,10,3,1,,2,1,,,,2,,1,1,1,,1,1,,,,,,1
174,1190179,32,Manchester United,7.67785714285714,13/08/2017,11,1,23,14,13,55.4,417,493,21,8,1,8,5,23,2,21,19,1,,3,,4,,,1,3,,1,1,,,,,,,1,,,
175,1190179,29,West Ham,6.07785714285714,13/08/2017,1,,3,21,23,44.6,316,397,13,6,4,2,1,13,1,9,7,1,,,,,,1,,2,,1,1,,,,,,,,,,1
176,1190186,166,Huddersfield,7.05071428571429,20/08/2017,7,,5,24,12,52.7,353,456,23,3,4,1,3,24,1,7,13,,,,1,1,,1,,1,,,1,,,,,1,,,,,
177,1190186,23,Newcastle United,6.42142857142857,20/08/2017,3,1,9,18,24,47.3,296,415,29,3,5,5,5,12,,13,10,1,,,1,,,1,,1,,,,,2,,1,,,,,,
178,1190192,162,Crystal Palace,6.50769230769231,16/09/2017,5,3,10,15,20,45.6,311,410,17,9,,2,3,20,5,14,14,1,,,,,,,,,,,1,,,,2,,,,,,
179,1190192,18,Southampton,6.98857142857143,16/09/2017,5,,8,15,20,54.4,404,503,17,4,1,5,4,20,2,13,13,1,1,,1,1,,1,,,,,,,1,,1,,,,,,
180,1190233,259,Swansea,6.56571428571428,21/10/2017,7,1,5,17,20,55.8,379,463,31,8,,7,4,18,2,19,6,,,1,,1,,,,2,,,2,1,1,,2,,,,,,
181,1190233,14,Leicester,7.07230769230769,21/10/2017,6,1,13,23,18,44.2,276,381,22,3,3,2,6,20,1,11,9,1,,,,2,,1,1,1,,,,,2,1,,,,,,,
182,1190541,167,Manchester City,7.54428571428571,23/12/2017,4,,9,19,10,78.8,825,901,21,5,4,4,5,13,,14,8,1,2,1,,4,,,,3,,,,,,1,1,,,,1,,
183,1190541,183,Bournemouth,6.00857142857143,23/12/2017,6,1,7,10,13,21.2,163,232,14,2,2,2,1,10,1,5,7,1,,,,,,,,,,,,,,,,,,,,,
184,1190227,96,Stoke,6.94307692307692,09/09/2017,5,,9,19,16,36.8,252,332,13,4,1,1,5,13,3,10,10,,,,,2,,1,,1,,,,1,1,,,,1,,1,,
185,1190227,32,Manchester United,6.74785714285714,09/09/2017,11,4,10,9,13,63.2,490,564,24,5,4,5,8,16,1,18,10,,,1,,2,,1,,3,,,,,1,,1,,,,1,,
186,1190540,15,Chelsea,7.28642857142857,21/10/2017,6,1,13,22,16,52.5,377,462,11,5,6,1,8,24,1,14,13,2,2,,1,4,,1,1,,,,1,,,1,1,,1,,,,
187,1190540,27,Watford,6.43714285714286,21/10/2017,6,2,5,17,24,47.5,324,406,22,6,3,5,5,16,2,16,16,1,1,1,,2,,,,,,,2,,,1,1,,,,,,
188,1190226,166,Huddersfield,6.88285714285714,21/10/2017,4,1,11,27,15,22.1,116,210,13,,2,2,3,15,,5,10,,,1,,2,,,1,,,,,,,,,,,,,,
189,1190226,32,Manchester United,6.42214285714286,21/10/2017,7,1,13,13,15,77.9,643,741,28,3,3,3,3,15,2,9,12,1,1,,,1,,,,,,,,,1,,,,,,,,
190,1190232,96,Stoke,6.45538461538462,21/10/2017,8,,10,11,20,52.3,287,407,30,6,4,2,3,23,4,11,17,1,,,,1,,1,,,,,1,,1,,,,,,1,,
191,1190232,183,Bournemouth,6.79357142857143,21/10/2017,3,1,6,17,23,47.7,282,391,23,3,1,1,3,20,1,7,10,2,1,,,2,1,,1,,,,,,,,,,,,,,
192,1190193,166,Huddersfield,6.90071428571429,26/08/2017,5,5,8,17,18,44.7,265,378,27,4,,6,6,25,1,16,10,,,,1,,,,,2,,,1,,,,,,,,,,
193,1190193,18,Southampton,6.76357142857143,26/08/2017,4,1,9,16,25,55.3,382,502,28,3,3,,3,18,,6,10,3,,,,,,,,,,,,1,1,,,,,,,,
194,1190187,14,Leicester,7.07538461538462,19/08/2017,6,,8,11,16,45.2,332,427,17,4,1,6,4,17,1,14,8,2,1,,2,2,,,,1,,,,,,,,,1,,,,
195,1190187,211,Brighton,6.18769230769231,19/08/2017,2,,5,11,17,54.8,435,526,22,,2,3,2,16,,5,10,,,,1,,,,,,,,,1,,,,,,,,,
196,1190178,31,Everton,6.99357142857143,12/08/2017,6,1,1,17,25,61.6,392,497,24,3,2,2,4,19,2,9,13,,,,1,1,,1,,,,,1,,,,,,,,1,,
197,1190178,96,Stoke,6.60615384615385,12/08/2017,7,,10,18,19,38.4,211,292,27,6,6,2,1,25,3,9,10,2,,,,,,,,1,,,,,1,,,,,,,,
198,1190391,167,Manchester City,7.28,10/02/2018,8,3,18,11,17,70.5,616,705,24,6,1,2,11,11,3,19,10,1,1,2,2,5,,,1,2,,,,,1,,,,,,1,,
199,1190391,14,Leicester,6.11642857142857,10/02/2018,2,1,11,18,11,29.5,193,288,11,,2,,2,17,,2,12,,1,,,1,,,,,,,,,,,,,,,,,
200,1190385,31,Everton,6.86642857142857,10/03/2018,10,1,7,9,20,59,330,425,28,7,2,3,3,16,2,13,10,2,,,1,2,,,,2,,,1,,,,,1,,,,,
201,1190385,211,Brighton,6.19714285714286,10/03/2018,3,,2,14,16,41,190,302,18,5,1,1,4,20,1,10,14,,,,1,,,2,,2,,,1,1,,,1,,,,,1,
202,1190408,30,Tottenham,6.85785714285714,04/01/2018,7,1,13,19,16,70.7,558,669,32,9,3,14,8,18,1,31,10,4,,,3,1,,1,,2,,,2,,2,,,1,,,,,
203,1190408,29,West Ham,6.85615384615385,04/01/2018,1,,9,18,18,29.3,186,283,22,2,3,,1,16,,3,6,2,,,,1,,,,,,,,,,,,,1,,,,
204,1190434,31,Everton,6.72,31/01/2018,5,,7,24,23,44.3,231,347,26,4,3,1,4,13,2,9,10,1,2,,2,2,,,,,,1,,,,,,,,1,,,
205,1190434,14,Leicester,6.52071428571429,31/01/2018,5,,10,17,13,55.7,319,440,38,4,,2,2,23,,8,10,,1,,,1,1,,,,1,3,,,,1,1,,,,,,2
206,1190352,166,Huddersfield,6.74571428571429,26/12/2017,8,2,8,17,34,58.3,416,500,29,8,2,3,7,15,3,18,9,2,,,2,1,,,1,2,,,1,,2,,,,,,,,
207,1190352,96,Stoke,7.15071428571428,26/12/2017,5,1,10,31,15,41.7,274,372,16,5,2,3,7,34,1,15,12,,,,4,1,,,1,1,,,2,,1,,1,,,,,,
208,1190346,162,Crystal Palace,7.28272727272727,13/01/2018,3,,6,19,35,44.3,214,323,24,8,,7,2,34,1,17,16,4,,,,1,,,,1,,,2,1,,,,1,,,,,
209,1190346,184,Burnley,6.53461538461538,13/01/2018,2,1,7,18,34,55.7,309,414,23,5,4,1,2,35,2,8,10,2,,,,,,1,,,,,1,,,,,,,,,,
210,1190420,13,Arsenal,6.84,03/01/2018,10,1,13,16,14,58.3,515,599,9,3,2,5,6,13,,14,11,1,,,1,2,,,,1,,,1,,2,,,,2,,,,
211,1190420,15,Chelsea,6.97857142857143,03/01/2018,8,1,12,18,13,41.7,348,422,9,10,3,3,6,14,1,19,11,3,,,1,2,1,1,2,3,,1,2,,1,,,,,,,,1
212,1190309,23,Newcastle United,6.65571428571428,09/12/2017,6,1,9,21,24,37.8,230,337,21,4,1,2,4,33,2,10,10,2,1,,,2,,,1,,,,,,1,,,,,,,,
213,1190309,14,Leicester,6.89071428571429,09/12/2017,5,,22,20,33,62.2,446,562,21,7,2,1,5,24,2,13,8,2,,,1,3,,,,,,,2,,2,,1,1,1,,,,
214,1190321,30,Tottenham,7.32071428571429,09/12/2017,12,5,5,18,21,70.8,579,657,17,6,7,3,11,19,2,20,12,2,1,3,1,5,,,,1,,,1,,1,,,,,,,,
215,1190321,96,Stoke,6.275,09/12/2017,6,1,6,17,19,29.2,172,268,12,1,2,,3,21,,4,9,1,,1,1,1,,,,,,,,,,,,,,,,,
216,1190447,96,Stoke,6.60307692307692,01/01/2018,10,1,14,14,28,58.8,352,463,20,3,2,4,4,30,1,11,10,,,,,,,1,,2,,,,1,1,,,,,,,,
217,1190447,23,Newcastle United,7.15,01/01/2018,5,2,10,17,30,41.2,223,335,20,5,,3,6,28,2,14,11,,,,1,1,,2,1,1,,,2,,,,,,,,,,
218,1190453,32,Manchester United,7.18571428571429,31/03/2018,3,1,10,17,4,66.5,675,746,16,4,5,2,5,11,1,11,5,,1,,2,2,,,,2,,,1,,,,,,1,,,,
219,1190453,259,Swansea,6.24928571428571,31/03/2018,3,,5,17,11,33.5,290,366,19,,1,1,2,4,,3,13,,,,,,,1,,,,,,,1,,,,,,,,
220,1190335,30,Tottenham,7.30214285714286,31/01/2018,6,1,15,26,15,52.6,432,527,18,9,1,7,6,11,4,22,10,,1,,2,2,,,,5,,,,,2,,,,,,,,
221,1190335,32,Manchester United,6.35857142857143,31/01/2018,3,,9,25,11,47.4,372,470,15,2,9,1,3,15,,6,13,,,,,,,,,1,,,,,2,1,1,,,,,,
222,1190484,14,Leicester,6.93214285714286,19/04/2018,11,1,16,17,13,54.4,360,452,25,4,3,4,3,26,2,11,10,2,,,,,,1,,,,,,1,,,,,,,,,
223,1190484,18,Southampton,6.74071428571429,19/04/2018,3,2,14,17,26,45.6,280,384,35,4,2,,2,13,1,6,10,2,,,,,,,,,,,,,,,1,,,,,,
224,1190490,162,Crystal Palace,7.59357142857143,28/04/2018,8,2,13,12,11,50.5,346,415,17,4,1,2,9,8,2,15,11,,1,2,2,5,1,,,1,,,,,,,1,1,,,1,,
225,1190490,14,Leicester,6.02428571428571,28/04/2018,2,,14,21,8,49.5,315,393,22,2,,3,1,11,,6,9,,,,1,,,,,1,,,1,,,,,,,,,,
226,1190269,14,Leicester,6.67,16/10/2017,4,1,14,21,20,57,367,486,35,4,1,4,3,19,,11,13,2,1,,,1,,1,,1,,,1,,,,,,,,,,
227,1190269,175,West Bromwich Albion,6.67153846153846,16/10/2017,1,,7,15,19,43,271,378,31,3,1,1,1,20,2,5,6,,,,,1,,,,,,,1,,,,,1,,,,,
228,1190255,31,Everton,6.55642857142857,01/10/2017,9,3,7,8,35,63.2,398,501,15,13,1,8,4,32,3,25,14,5,,,1,,,,,4,,,1,,,,,,,,,,
229,1190255,184,Burnley,7.3525,01/10/2017,3,,7,18,32,36.8,179,295,18,1,1,2,2,35,,5,7,1,,,,1,,1,1,,,,,,,,,,,,,,
230,1190533,18,Southampton,6.33785714285714,13/12/2017,9,1,9,19,16,53.4,334,413,28,5,3,2,4,21,3,11,13,,,1,,1,,2,,2,,,,,,,,,,,,,
231,1190533,14,Leicester,7.27357142857143,13/12/2017,9,,9,23,21,46.6,278,369,25,2,1,3,11,16,,16,9,2,,1,1,4,,2,3,,,,,,4,,,,,,,,
232,1190527,162,Crystal Palace,6.865,12/12/2017,4,2,8,13,16,53.6,318,415,21,6,3,4,4,35,1,14,14,2,,1,,2,,,1,1,,,,,,,2,,,,,,
233,1190527,27,Watford,6.415,12/12/2017,6,1,4,21,35,46.4,242,352,24,3,,2,2,16,,7,18,2,,,,1,,,,1,,,,,,,,1,,,,,
234,1190241,183,Bournemouth,6.91857142857143,15/09/2017,6,,18,12,17,62.5,573,647,16,5,1,7,3,23,,15,5,2,2,,,2,,,,3,,,,1,,,,,,,,,
235,1190241,211,Brighton,6.66538461538462,15/09/2017,4,,13,19,23,37.5,290,390,23,5,1,2,2,17,,9,12,1,,1,,1,,,,3,,1,,,,1,,,,,,,1
236,1190296,23,Newcastle United,6.83857142857143,04/11/2017,11,,8,19,36,48,276,373,14,9,5,3,4,31,1,16,11,3,,,1,,,2,,1,1,1,2,1,,,1,,,,,,
237,1190296,183,Bournemouth,7.05769230769231,04/11/2017,9,,5,10,31,52,308,407,26,6,1,4,6,36,2,16,12,1,,,1,1,,1,,,,,2,,3,,1,1,,,,,
238,1190282,183,Bournemouth,6.43857142857143,29/11/2017,4,,5,14,18,62.1,453,567,28,4,,5,2,27,1,11,9,1,,,1,1,,,,,,,2,,,,,,1,,,,
239,1190282,184,Burnley,6.895,29/11/2017,6,1,3,22,27,37.9,247,345,21,2,1,4,4,18,1,10,11,,,,,2,,1,1,,,1,,,,,,1,,,,,1
240,1190283,27,Watford,6.59642857142857,02/12/2017,7,1,4,20,15,50.5,316,399,24,2,1,2,2,19,1,6,16,,,1,,1,,,,,,1,,,,,,,,1,,,
241,1190283,30,Tottenham,6.56571428571429,02/12/2017,2,1,7,21,19,49.5,329,404,23,4,10,2,2,15,1,8,8,2,1,,,1,,,,1,,,,,,,,,,,,,
242,1190297,166,Huddersfield,7.26071428571429,09/12/2017,8,3,6,23,22,58.4,403,541,28,8,1,5,6,35,4,19,6,1,1,,,2,,,1,3,,,,,1,,,,,,,,
243,1190297,211,Brighton,6.215,09/12/2017,1,,5,17,35,41.6,267,391,29,2,5,3,2,22,,7,10,,,,1,,,,,1,,,,1,,,1,,,,,,
244,1190526,175,West Bromwich Albion,6.55071428571428,17/12/2017,6,1,9,15,13,43.1,341,433,24,3,1,4,5,9,1,12,14,1,,1,2,1,,,,1,,,,,1,,,,,,,,
245,1190526,32,Manchester United,6.82071428571429,17/12/2017,3,1,10,12,9,56.9,484,588,20,2,1,3,3,13,1,8,7,1,,,,2,,,1,,,,,,,,,1,,,,,
246,1190240,18,Southampton,6.43071428571429,23/09/2017,8,2,8,18,18,60.6,453,544,21,6,3,4,4,6,2,14,12,3,,,1,,,,,1,,,,1,,,,,,,,,
247,1190240,32,Manchester United,6.99214285714286,23/09/2017,4,2,5,16,6,39.4,288,368,18,3,2,2,4,18,1,9,9,1,,,1,1,,,1,1,,,,,,,,,,,,,
248,1190254,27,Watford,6.40384615384615,28/10/2017,8,,11,11,32,70.2,456,561,29,7,4,8,,22,4,15,10,2,,,,,,,,1,,,,,,,,,,,,,
249,1190254,96,Stoke,7.07846153846154,28/10/2017,1,1,3,18,22,29.8,150,249,26,3,2,1,2,32,,6,9,2,,1,,1,,,,,,1,,,,,,,,1,,,
250,1190532,184,Burnley,6.15142857142857,23/12/2017,4,,6,11,33,40.4,233,350,24,3,5,,2,21,1,5,10,,,,2,,,,,1,,,,,,,1,,,,,,
251,1190532,30,Tottenham,7.34214285714286,23/12/2017,4,2,9,9,21,59.6,419,527,29,5,1,5,8,33,1,18,10,2,,2,2,3,1,,1,2,,,,,1,,,,,,,,
252,1190268,162,Crystal Palace,6.715,14/10/2017,5,,11,23,24,43,309,431,23,6,1,3,5,5,2,14,7,2,,1,2,2,,1,,1,,,,1,,,1,,,,,,
253,1190268,15,Chelsea,6.75785714285714,14/10/2017,8,3,13,23,5,57,459,559,19,6,6,4,5,24,1,15,6,,,1,1,1,,,,3,,1,1,,,,,,,,,,1
254,1190491,166,Huddersfield,6.33571428571429,28/04/2018,5,1,5,15,19,53.7,382,499,40,2,1,5,2,20,,9,9,,,,1,,,,,2,,,,,,,,,,,,,
255,1190491,31,Everton,7.19857142857143,28/04/2018,3,3,7,23,20,46.3,293,431,24,1,3,1,5,19,,7,8,1,1,1,,2,,,,,,,,,,,,,,,,,
256,1190485,167,Manchester City,7.75571428571429,22/04/2018,6,2,16,14,14,82.9,942,1015,10,4,4,3,12,10,1,19,6,1,1,,2,5,,,3,,,,,,2,1,2,,1,,,,
257,1190485,259,Swansea,5.92714285714286,22/04/2018,1,1,10,11,10,17.1,142,203,14,2,1,1,1,14,1,4,8,,,,,,,,,1,,,,,,,,,,,,1,
258,1190452,211,Brighton,6.94071428571429,04/05/2018,5,,14,19,15,31.7,219,313,17,4,1,3,4,15,2,11,5,2,,,1,1,,1,1,,,,,,1,,,,,,,,
259,1190452,32,Manchester United,6.58857142857143,04/05/2018,6,1,17,8,15,68.3,598,675,23,7,2,6,3,15,2,16,3,1,,,2,,,,,3,,,1,,,,,,,,,,
260,1190334,29,West Ham,7.00714285714286,02/01/2018,3,3,14,15,16,52.6,372,449,23,5,1,3,5,24,2,13,12,,,1,,2,,,1,2,,,,,,,1,,,,,,
261,1190334,175,West Bromwich Albion,6.54214285714286,02/01/2018,4,2,10,16,24,47.4,327,413,16,6,1,3,3,16,1,12,12,1,,,,1,,,,1,,,2,,,,1,,1,,,,
262,1190320,13,Arsenal,7.22923076923077,18/11/2017,7,2,7,18,20,42.1,281,399,21,4,8,5,5,16,1,14,11,1,,,1,2,,,,1,,,1,,,,,1,1,,,,
263,1190320,30,Tottenham,6.50857142857143,18/11/2017,4,2,15,12,16,57.9,436,549,28,8,1,2,4,20,5,14,16,1,,,,,,,,,,,2,1,1,,,,,,,,
264,1190446,32,Manchester United,7.07615384615385,25/02/2018,3,1,13,20,9,44.3,352,432,13,1,1,4,5,13,1,10,13,,1,1,1,2,,1,,,,,,,,,,,,,,,
265,1190446,15,Chelsea,6.65428571428571,25/02/2018,4,1,15,22,13,55.7,475,552,14,4,6,3,7,9,,14,12,,,1,2,1,,1,,,,1,3,,2,,,,,,,,1
266,1190308,259,Swansea,6.55142857142857,04/11/2017,8,1,11,12,23,56.1,379,468,22,3,1,7,2,27,,12,13,1,,,,,,,,,,1,,,,1,1,,,,,,1
267,1190308,211,Brighton,6.89857142857143,04/11/2017,7,,3,17,27,43.9,267,371,16,2,2,1,2,23,1,5,12,1,,1,,1,,1,,,,,,,,,,,,,,,
268,1190478,167,Manchester City,6.62571428571429,07/04/2018,8,3,11,11,10,64.8,516,596,23,9,,5,6,10,,20,17,1,,1,,2,,1,,3,,2,,,,,3,,,2,1,,
269,1190478,32,Manchester United,6.96714285714286,07/04/2018,4,,16,11,10,35.2,244,318,17,1,2,,4,10,,5,9,1,1,,1,3,,,1,,,,,,,,,1,,,,,
270,1190336,29,West Ham,6.79538461538462,23/12/2017,6,2,17,16,31,63.5,329,426,31,5,4,8,6,37,3,19,9,,1,,1,2,,,,2,,,,,1,,,,,,1,,
271,1190336,23,Newcastle United,7.00357142857143,23/12/2017,3,1,4,23,37,36.5,155,249,19,5,,2,4,31,1,11,12,,1,1,,3,,,,2,1,2,,,,,,1,,,,1,1
272,1190450,259,Swansea,6.38357142857143,02/01/2018,6,,11,18,17,32.3,232,313,16,5,4,2,1,11,3,8,12,1,,,1,,,,,1,,,,,,,,,,,,,
273,1190450,30,Tottenham,7.12,02/01/2018,5,2,6,21,11,67.7,593,675,25,5,2,2,5,17,2,12,9,1,1,,1,2,,,,1,,,,,,,1,,,,1,,
274,1190444,18,Southampton,6.585,02/01/2018,4,1,9,26,23,61.1,444,560,25,7,1,,3,16,1,10,8,3,,1,,1,,1,,1,,,2,,,,,,,,,,
275,1190444,162,Crystal Palace,6.89,02/01/2018,7,1,15,15,16,38.9,246,350,29,4,,3,4,23,1,11,11,2,1,,,2,,,,1,,,,,1,,,,,,1,,
276,1190322,18,Southampton,7.28428571428571,26/11/2017,7,,8,19,24,67.2,564,663,29,7,,5,5,26,1,17,6,2,1,1,,4,,,1,1,,1,2,,1,,,,,1,1,,
277,1190322,31,Everton,6.15642857142857,26/11/2017,2,1,4,12,26,32.8,232,329,19,3,,,2,24,1,5,13,,,1,,1,,,,1,,,1,,,,,,,,,,
278,1190493,32,Manchester United,6.71642857142857,29/04/2018,9,,10,16,7,59.2,543,609,22,6,2,7,3,5,2,16,12,1,,1,1,2,,,,2,,1,,,,,,1,,1,,,
279,1190493,13,Arsenal,6.72714285714286,29/04/2018,,1,13,28,5,40.8,358,438,18,4,1,1,3,7,2,8,7,1,1,,,1,,1,,,,,1,,,,,,,,,,
280,1190487,27,Watford,6.80571428571429,21/04/2018,4,3,6,25,24,51.8,248,357,24,10,,,4,32,3,14,17,3,,,,,,,,1,,1,2,1,,,,,,,,,1
281,1190487,162,Crystal Palace,7.05916666666667,21/04/2018,3,,17,16,32,48.2,238,341,18,3,1,2,1,24,,6,13,1,,,,,,,,,,2,,1,,,,,,1,,,1
282,1190518,14,Leicester,6.285,16/12/2017,6,1,21,16,22,56.1,357,452,27,5,,4,2,23,1,11,12,1,,,1,,,,,1,,,1,,,,1,,,,,,
283,1190518,162,Crystal Palace,7.73384615384615,16/12/2017,4,,20,25,23,43.9,275,368,22,3,,4,6,22,,13,13,2,1,1,2,3,,,,1,,,,,1,,,,1,,,,
284,1190242,211,Brighton,6.63769230769231,29/10/2017,2,1,9,18,9,51.9,395,490,23,4,,1,2,16,1,7,9,,,,,1,,,,1,,,1,,,,1,,1,,,,
285,1190242,18,Southampton,6.43714285714286,29/10/2017,7,,8,16,16,48.1,360,450,23,2,1,3,1,9,,6,10,1,,,,1,,,1,,1,1,,,,,,,,,,,
286,1190524,27,Watford,6.16785714285714,16/12/2017,8,,10,18,24,59.5,356,452,32,7,3,3,3,21,2,13,12,3,,1,1,1,,,,2,,,,1,,,,,,,,,
287,1190524,166,Huddersfield,7.11714285714286,16/12/2017,7,3,7,24,21,40.5,223,309,19,4,3,2,9,24,,15,17,2,4,,1,4,1,,,1,,,1,,,1,,,,,,,
288,1190530,211,Brighton,7.14428571428572,23/12/2017,6,,19,14,25,51.7,328,426,22,8,6,3,3,38,3,14,8,2,,,,1,,1,,,,,1,,1,,2,,,,1,,
289,1190530,27,Watford,6.44214285714286,23/12/2017,4,,13,19,38,48.3,288,397,34,6,,5,1,25,1,12,11,3,,,,,,,,,,,1,,,1,1,,,,,,
290,1190256,175,West Bromwich Albion,6.52071428571429,28/10/2017,1,,12,21,17,21.7,151,254,17,1,5,2,4,12,,7,10,,1,,1,2,,,,1,,,,,1,,,,,,1,,
291,1190256,167,Manchester City,6.97846153846154,28/10/2017,2,1,15,16,12,78.3,843,929,15,8,1,2,5,17,,15,7,3,2,1,,3,,,,3,,,,,1,,2,,,,,,
292,1190281,14,Leicester,6.17857142857143,18/11/2017,1,,10,11,13,25.3,175,266,26,1,3,1,,12,,2,8,1,,,,,,,,,,,,,,,,,,,,,
293,1190281,167,Manchester City,7.09071428571429,18/11/2017,7,,13,13,12,74.7,705,784,19,6,1,2,4,13,1,12,10,,,,,2,,,1,2,,,,,1,1,3,,1,,,,
294,1190295,175,West Bromwich Albion,6.86785714285714,28/11/2017,1,,11,22,27,47.9,305,401,20,2,,2,4,27,1,8,13,,1,,,2,,,1,,,1,,,1,1,,,,,,,1
295,1190295,23,Newcastle United,6.64142857142857,28/11/2017,6,2,6,18,27,52.1,342,435,25,5,2,5,4,27,1,14,12,3,,,,2,,,,,,,1,,1,,,,1,,,,
296,1190294,175,West Bromwich Albion,6.11428571428571,18/11/2017,3,,10,18,13,38.6,307,378,18,5,3,,2,19,2,7,13,1,,,,,,2,,1,,,,,,,1,,,,,,
297,1190294,15,Chelsea,7.45928571428571,18/11/2017,4,,15,14,19,61.4,529,610,15,2,1,2,7,13,,11,12,1,1,1,2,4,,,1,1,,,,,1,,,,,,1,,
298,1190280,96,Stoke,6.90928571428571,02/12/2017,2,,9,13,19,44.1,295,377,29,6,3,1,3,25,2,10,12,1,,1,1,2,,,,2,,,1,,,,,1,,,,,
299,1190280,259,Swansea,6.45642857142857,02/12/2017,6,1,7,24,25,55.9,372,458,23,2,,5,3,19,,10,10,,1,,1,1,,,,,,,2,,,,,,,,,,
300,1190531,23,Newcastle United,6.43571428571429,13/12/2017,4,1,11,17,37,55,392,509,41,4,2,8,4,34,1,16,10,1,,,1,,,,,,1,2,,,2,,,,,1,,,
301,1190531,31,Everton,7.12,13/12/2017,1,1,4,25,34,45,312,426,23,3,3,,4,37,1,7,11,,1,,2,1,,,,,,,,,,,2,,,,,,
302,1190257,166,Huddersfield,6.04214285714286,30/09/2017,4,1,5,25,14,40.5,269,368,31,2,4,3,1,11,1,6,7,,,,,,,,,,,1,,,,,,,,,,,1
303,1190257,30,Tottenham,7.465,30/09/2017,7,3,12,16,11,59.5,452,558,30,5,2,2,7,14,,14,4,1,,3,,4,,,,2,1,1,1,,,,,,1,,,,
304,1190243,96,Stoke,5.82230769230769,23/09/2017,5,1,3,18,11,44.1,319,407,27,7,,4,2,7,1,13,5,3,,,,,,,,1,,,2,1,,,,,,,,,
305,1190243,15,Chelsea,7.52571428571429,23/09/2017,,,14,26,7,55.9,466,547,17,3,1,,4,11,2,7,14,1,1,2,,4,,,1,,,,,,,,,,,,,,
306,1190525,29,West Ham,7.05666666666667,13/12/2017,1,,15,11,19,29.9,214,300,21,4,4,2,,20,1,6,9,1,,,,,,,,1,,1,,,,,,,,,,,1
307,1190525,13,Arsenal,7.06615384615385,13/12/2017,7,,15,17,20,70.1,607,704,21,8,,11,3,19,4,22,9,2,,,1,,,,,1,,1,,,1,1,,,,1,,,
308,1190519,184,Burnley,6.91714285714286,12/12/2017,6,,2,14,44,51,251,392,32,5,4,3,2,31,2,10,6,1,,1,1,1,,,,,,,,,,,2,,,,,,
309,1190519,96,Stoke,6.71307692307692,12/12/2017,4,3,6,17,31,49,240,380,29,6,2,1,7,44,2,14,14,1,,,1,,,2,,2,,1,,1,,,,,,1,,,
310,1190486,96,Stoke,6.93428571428571,22/04/2018,3,1,10,18,42,42.8,189,326,29,4,2,1,3,40,,8,15,3,,1,,1,,,,,,1,,1,,,,,,1,,,
311,1190486,184,Burnley,6.80384615384615,22/04/2018,8,1,4,9,40,57.2,303,428,25,5,,4,7,42,1,16,5,3,1,,3,1,,,,1,,,,,1,1,,,,,,,
312,1190492,26,Liverpool,6.57846153846154,28/04/2018,9,1,3,6,29,71.9,525,632,38,8,2,10,2,17,2,20,7,4,,,,,,,,1,,,1,,1,,,,,,,,
313,1190492,96,Stoke,6.91538461538461,28/04/2018,2,,3,22,17,28.1,141,252,21,3,2,1,1,29,,5,14,3,,,1,,,,,,,,,,,,,,,,,,
314,1190445,167,Manchester City,7.52461538461538,31/01/2018,9,,13,16,11,74.3,614,695,18,7,,2,10,15,1,19,10,3,1,1,1,3,,2,1,2,,1,,,3,1,,,,,,,1
315,1190445,175,West Bromwich Albion,6.25428571428571,31/01/2018,1,1,6,17,15,25.7,162,246,21,1,,1,1,11,1,3,10,,,,,,,,,,,,,,,,,,,,,,
316,1190323,211,Brighton,6.02214285714286,02/12/2017,2,1,6,18,13,42.8,398,489,12,3,,1,2,16,1,6,8,1,,,,1,1,,,,,,,,,,1,1,,,,,
317,1190323,26,Liverpool,7.24285714285714,02/12/2017,2,2,9,17,16,57.2,583,662,21,4,2,2,6,13,1,12,7,1,1,1,,5,,,,2,,,,,,,,,1,,1,,
318,1190337,184,Burnley,7.07,03/03/2018,10,2,5,16,26,54.5,285,396,36,3,4,10,8,24,,21,9,,1,1,1,2,,1,,2,,,,,1,1,1,,,,,,
319,1190337,31,Everton,6.71,03/03/2018,4,3,10,11,24,45.5,228,342,27,6,2,,4,26,,10,12,2,,1,,1,,,,2,,,2,,,,,,,,,,
320,1190451,18,Southampton,6.50642857142857,13/05/2018,1,2,8,24,18,30.3,173,259,21,5,4,,3,17,,8,8,2,,,1,,,,,1,,1,1,,,,,,,,,,1
321,1190451,167,Manchester City,6.93428571428571,13/05/2018,12,,14,13,17,69.7,506,583,20,5,2,6,2,18,1,13,10,2,,,,1,,1,1,2,,,,,,,,,,,,,
322,1190479,32,Manchester United,6.96571428571429,13/05/2018,6,,11,25,13,51.4,370,460,23,4,5,2,1,11,1,7,6,1,,1,,1,,,,1,,,1,,,,,,,,,,
323,1190479,27,Watford,6.49642857142857,13/05/2018,5,2,8,20,11,48.6,355,429,17,3,1,1,3,13,2,7,11,,,,,,,,,1,,,,,1,,,,,,,,
324,1190455,15,Chelsea,7.18214285714286,06/05/2018,3,3,11,15,18,31.6,253,354,20,6,2,2,4,20,4,12,12,1,1,,,1,,,,,,,1,,,,,,,,,,
325,1190455,26,Liverpool,6.49,06/05/2018,1,2,7,12,20,68.4,668,763,30,5,,,5,18,,10,9,1,,,1,,,,,2,,,1,,2,,1,,,,,,
326,1190333,211,Brighton,7.06,04/03/2018,6,2,8,21,21,31.9,208,287,16,5,6,2,6,18,2,13,13,,,,1,2,,1,1,2,,,,,,,1,,,,1,,
327,1190333,13,Arsenal,6.59,04/03/2018,11,4,16,10,18,68.1,516,614,20,2,,6,7,21,,15,12,1,,,1,1,,,1,,,,,,1,,1,,,,,,
328,1190327,15,Chelsea,7.21357142857143,02/12/2017,11,5,18,17,10,65.6,647,743,18,8,2,6,9,20,3,23,8,2,1,,,3,1,,2,1,,1,1,,1,,,,,1,,,
329,1190327,23,Newcastle United,6.31,02/12/2017,4,,6,17,20,34.4,299,390,16,4,1,2,2,10,2,8,13,1,,,1,1,,,1,1,,,,,,,,,,,,,
330,1190441,259,Swansea,6.51428571428571,08/05/2018,7,1,9,11,45,53.3,300,416,36,5,2,3,3,36,2,11,7,,,,1,,,,,1,,,,1,,,2,,,,,,
331,1190441,18,Southampton,7.14714285714286,08/05/2018,6,5,2,14,36,46.7,253,372,20,3,,2,8,45,1,13,15,2,,1,,1,,1,,,,,,,1,,,,,,,,
332,1190469,175,West Bromwich Albion,6.90285714285714,05/05/2018,5,,6,16,18,26.2,126,210,6,6,2,2,1,20,3,9,13,1,,,,1,,,1,,,,1,,,,1,,,,,,
333,1190469,30,Tottenham,6.56071428571429,05/05/2018,9,1,9,13,20,73.8,518,615,23,7,,6,5,18,4,18,12,1,,,1,,,,,,,,1,2,,1,1,,,,,,
334,1190496,259,Swansea,6.36571428571429,28/04/2018,1,1,8,20,16,51.1,506,584,17,5,1,2,3,7,1,10,13,2,,,1,,,,,2,,,,,1,,,,,,,,
335,1190496,15,Chelsea,7.03214285714286,28/04/2018,2,,11,12,7,48.9,497,571,19,5,3,3,3,16,2,11,9,3,,,,1,,,,,,,,,2,,,,1,,,,
336,1190482,175,West Bromwich Albion,6.69,07/04/2018,6,,12,13,23,51.7,395,479,29,4,6,8,3,19,2,15,15,1,,,,1,,2,1,1,,,,,,,,,,,,,
337,1190482,259,Swansea,6.65785714285714,07/04/2018,1,,11,13,19,48.3,357,452,20,5,1,1,1,23,1,7,5,2,,,,1,,,,2,,,,,,,,1,,,,,
338,1190521,166,Huddersfield,6.18142857142857,12/12/2017,1,,8,8,11,35.8,363,431,15,4,2,1,2,11,2,7,11,,,1,,1,,,,1,,,,,1,,1,,,,,,
339,1190521,15,Chelsea,7.07,12/12/2017,3,1,12,10,11,64.2,707,769,21,4,10,3,5,11,1,12,4,1,,1,,3,,,1,1,,,,,1,,1,1,,,,,
340,1190247,29,West Ham,6.63285714285714,23/09/2017,4,1,6,19,22,48.9,261,367,28,5,6,1,4,16,,10,10,1,1,,,2,,1,,1,,,2,,,,1,,,,1,,
341,1190247,30,Tottenham,6.86285714285714,23/09/2017,3,1,9,19,16,51.1,293,394,29,7,5,3,5,22,1,15,20,3,1,1,,3,,1,1,,1,2,1,,,,,,,1,,,
342,1190253,15,Chelsea,6.49785714285714,30/09/2017,4,1,10,19,18,38.1,311,395,25,2,8,,2,7,1,4,8,,,,,,,,,,,,,,1,,1,,,,,,
343,1190253,167,Manchester City,7.06428571428571,30/09/2017,8,,8,19,7,61.9,578,653,19,6,,5,6,18,3,17,13,2,,1,1,1,,,,1,,,,1,3,,,,,,,,
344,1190535,31,Everton,7.14285714285714,23/12/2017,2,,5,18,16,32.2,230,327,12,3,2,2,,22,2,5,8,,,,,,,,,1,,,,,,,,,,,,,
345,1190535,15,Chelsea,6.75571428571429,23/12/2017,7,2,11,19,22,67.8,569,679,26,9,4,8,8,16,1,25,4,7,,,2,,,,,1,,,,,3,1,,,,,,,
346,1190509,29,West Ham,6.90333333333333,10/05/2018,1,1,14,15,18,44.2,395,476,12,6,1,1,2,9,2,9,12,2,,,,,,,,2,,,,,,1,,,,,,,
347,1190509,32,Manchester United,6.86142857142857,10/05/2018,6,3,17,16,9,55.8,519,601,25,7,2,3,6,18,3,16,12,2,,,1,,,,,1,,,,,2,,1,,,,,,
348,1190284,26,Liverpool,7.25285714285714,18/11/2017,10,4,15,11,18,61.1,472,562,25,6,2,7,8,11,,21,15,3,,,1,3,,,2,1,,,1,,,,1,,1,,,,
349,1190284,18,Southampton,6.25357142857143,18/11/2017,2,,3,26,11,38.9,261,362,20,3,2,2,,18,1,5,9,1,,,,,,,,1,,,,,,,,,,,,,
350,1190290,27,Watford,7.23071428571429,19/11/2017,3,3,7,13,23,58.5,515,614,12,8,,2,7,22,2,17,13,4,1,1,,2,,1,,1,,,,,1,,1,,,,,,
351,1190290,29,West Ham,6.44230769230769,19/11/2017,1,3,9,6,22,41.5,336,434,24,4,3,,6,23,2,10,10,,,,1,,,,,1,,,,,2,,1,,,,,,
352,1190291,27,Watford,6.54071428571429,28/11/2017,5,,14,16,16,59.4,411,496,25,5,,4,3,16,,12,12,2,2,,,2,1,,,2,,1,,,1,,,,,,,,1
353,1190291,32,Manchester United,7.03642857142857,28/11/2017,5,,13,14,16,40.6,257,346,25,3,,5,7,16,1,15,10,1,1,1,3,4,,,1,1,,,,,,,,,1,,,,
354,1190285,211,Brighton,6.79642857142857,28/11/2017,10,2,8,19,28,53.2,334,452,28,4,5,2,4,25,2,10,13,,,,1,,,,,1,,,,,1,,1,,,,,,
355,1190285,162,Crystal Palace,7.00583333333333,28/11/2017,5,2,13,9,25,46.8,295,405,12,5,,1,4,28,2,10,8,1,,,1,,,1,,1,,,,,,,1,,,,,,
356,1190508,29,West Ham,6.73285714285714,16/04/2018,10,1,16,9,34,62.5,373,466,31,3,5,9,6,27,1,18,15,1,1,,2,1,,,,,,,1,,2,,,,,,,,
357,1190508,96,Stoke,6.9,16/04/2018,1,4,9,13,27,37.5,198,287,17,1,3,3,7,34,,11,21,,,1,,1,,1,,1,,,,,1,,,,,,,,
358,1190252,32,Manchester United,6.85214285714286,28/10/2017,6,1,7,9,13,44.8,283,405,28,5,2,3,3,16,,11,12,1,,1,1,1,,,,2,,1,,,,,1,,,1,,,
359,1190252,30,Tottenham,6.62230769230769,28/10/2017,3,1,8,11,16,55.2,394,509,29,5,1,4,4,13,2,13,14,1,,,,,,,,1,,,1,,2,1,,,,,,,
360,1190534,30,Tottenham,7.01285714285714,14/10/2017,9,4,8,19,16,72.9,613,688,32,4,3,8,6,19,1,18,9,1,1,,,1,,,,2,,,,,,1,,,,,,,
361,1190534,183,Bournemouth,6.37142857142857,14/10/2017,5,,2,11,19,27.1,169,254,19,3,1,1,1,16,,5,7,1,,,,,,,,2,,,,,1,,,,,,,,
362,1190520,167,Manchester City,7.18571428571429,16/12/2017,5,1,14,18,6,52.9,370,456,18,7,4,2,11,3,1,20,13,2,1,,2,4,,1,2,3,1,1,,,2,1,,,,,1,,
363,1190520,30,Tottenham,6.195,16/12/2017,1,,13,17,3,47.1,327,412,26,4,2,1,2,6,,7,20,2,,1,1,1,,,,,,,1,,,,1,,,,,,
364,1190246,162,Crystal Palace,6.80846153846154,28/10/2017,11,3,14,21,19,55.9,316,410,19,8,3,3,9,19,3,20,18,,1,1,1,2,1,1,,2,1,1,1,2,,,1,,,,,,
365,1190246,29,West Ham,6.895,28/10/2017,2,,15,23,19,44.1,238,331,25,3,1,1,2,19,2,6,15,,1,,,2,,,,,,,,,,,1,,1,,,,
366,1190483,184,Burnley,6.91,14/04/2018,4,1,8,14,27,38.7,171,292,31,2,,3,3,28,,8,9,,,,,2,,,1,1,,,1,,,,,,1,,,,
367,1190483,14,Leicester,6.54642857142857,14/04/2018,8,2,9,11,28,61.3,325,449,31,4,1,5,6,27,,15,10,3,,,1,1,,1,,1,,,,,,1,,,,,1,,
368,1190497,30,Tottenham,7.24642857142857,30/04/2018,4,1,9,19,16,61.5,479,557,29,6,3,4,3,19,,13,11,2,1,,,2,,,1,1,,1,2,,,,,,,1,,,
369,1190497,27,Watford,6.39,30/04/2018,,4,12,19,19,38.5,256,354,26,5,3,3,5,16,2,13,10,1,,,,,,,,2,,,,,1,,,,,,,,
370,1190468,183,Bournemouth,6.69071428571429,07/04/2018,11,1,7,7,15,52.9,373,464,26,11,3,4,5,17,1,20,8,3,,2,,2,,,,4,,,3,1,1,,,,,,,,
371,1190468,162,Crystal Palace,7.17363636363636,07/04/2018,3,2,8,15,17,47.1,351,440,16,3,1,4,6,15,,13,9,,,,,2,,,,2,,,1,2,,,,1,1,,,,
372,1190326,259,Swansea,6.85076923076923,25/11/2017,4,,10,17,17,48.2,350,447,23,6,3,3,1,18,1,10,18,1,,,1,,,,,1,,1,,,,,2,,,,,,1
373,1190326,183,Bournemouth,6.80714285714286,25/11/2017,5,2,13,16,18,51.8,390,472,21,2,1,2,5,17,1,9,6,1,,,1,,,,,,,,,,1,1,,,,,,,
374,1190440,167,Manchester City,7.025,02/01/2018,9,1,16,14,5,76.7,784,854,20,8,1,3,7,6,4,18,8,1,1,1,,3,,,,2,,,,1,2,1,1,,,,,,
375,1190440,27,Watford,6.43,02/01/2018,1,2,8,25,6,23.3,182,261,21,2,3,1,4,5,1,7,12,1,,,1,1,,,1,,,,,,,,,,,,,,
376,1190454,259,Swansea,6.71714285714286,13/05/2018,6,1,16,16,22,57.6,472,544,18,5,1,11,11,11,3,27,12,1,1,,4,1,,1,,1,,,,1,2,1,,,,,,1,
377,1190454,96,Stoke,7.31,13/05/2018,,1,5,21,11,42.4,336,414,11,2,5,1,5,22,,8,9,2,1,1,2,2,,,,,,,,,,,,,,,,,
378,1190332,259,Swansea,6.62642857142857,23/12/2017,6,1,20,18,18,64.3,505,594,18,3,1,2,2,11,,7,13,2,1,,,1,,,,,,,1,,,,,,,,,,
379,1190332,162,Crystal Palace,6.86615384615385,23/12/2017,3,2,19,21,11,35.7,257,336,22,4,1,4,5,18,2,13,11,2,,,,1,1,,1,,,,,1,1,,,,,,,,
380,1190442,18,Southampton,6.61285714285714,31/01/2018,7,1,16,12,39,65.8,484,588,26,8,,7,3,18,1,18,8,1,,1,,1,,,,3,,,3,,1,,,,,,,,
381,1190442,211,Brighton,6.89923076923077,31/01/2018,2,1,13,20,18,34.2,215,315,14,4,4,3,2,39,,9,10,1,,1,,1,1,,,1,,,1,,,,1,,,,,,
382,1190324,183,Bournemouth,7.3,18/11/2017,8,,4,12,12,30.7,147,246,15,4,1,,5,22,,9,13,2,,2,,4,,1,1,1,,,,,,,1,,1,,,,
383,1190324,166,Huddersfield,6.13071428571428,18/11/2017,11,1,11,19,22,69.3,441,539,25,10,,6,3,12,6,19,10,3,,,1,,,1,,,,,1,,,,,,,,,,
384,1190330,30,Tottenham,6.75692307692308,25/11/2017,8,2,17,15,27,72.5,601,689,28,10,2,10,5,21,3,25,10,3,,1,1,1,,,,2,,,1,,,1,1,,,,,,
385,1190330,175,West Bromwich Albion,6.83428571428571,25/11/2017,,1,10,20,21,27.5,190,266,19,3,6,,2,27,3,5,13,,1,,,1,,,,,,,,,,,,,,,,,
386,1190456,23,Newcastle United,6.875,31/03/2018,3,,4,16,17,63,467,582,30,9,3,6,3,18,4,18,9,1,1,,,1,,,,2,,,1,,2,,1,,,,,,
387,1190456,166,Huddersfield,6.46214285714286,31/03/2018,3,,6,24,18,37,222,339,22,2,1,2,,17,1,4,10,1,,,,,,,,,,,,,,,,,,,,,
388,1190318,23,Newcastle United,6.39071428571429,25/11/2017,6,,11,12,23,52.4,378,480,26,5,4,5,2,28,1,12,8,2,,,,,,,,,,,,,2,,2,,,,,,
389,1190318,27,Watford,7.33785714285714,25/11/2017,3,,4,27,28,47.6,315,441,19,7,1,1,4,23,1,12,13,3,,1,1,3,,,1,2,,,,,1,,1,,,,,,
390,1190481,27,Watford,6.36428571428571,07/04/2018,11,2,11,9,32,60.5,319,435,27,4,3,5,5,31,4,14,18,,,,,1,,2,1,,,,,,,,,,,,,,
391,1190481,184,Burnley,7.03,07/04/2018,1,2,3,13,31,39.5,179,292,21,2,2,1,4,32,,7,12,1,,,,2,,,1,1,,,,,,,,,,,1,,
392,1190495,18,Southampton,6.96428571428571,28/04/2018,5,1,5,21,21,40.3,251,350,13,4,1,4,6,22,1,14,12,2,1,1,1,2,,,,,,,1,,2,,,,,,,,
393,1190495,183,Bournemouth,6.57214285714286,28/04/2018,8,2,12,11,22,59.7,397,504,30,5,2,2,7,21,2,14,11,2,,,,1,,,,,,,1,1,3,,,,,,1,,
394,1190536,26,Liverpool,6.90071428571429,13/12/2017,5,2,17,20,17,70.2,611,711,24,3,1,6,5,17,1,14,16,2,,,2,,,,,,,,,,1,,,,,,,,
395,1190536,175,West Bromwich Albion,6.99,13/12/2017,7,,7,24,17,29.8,195,291,15,4,4,1,1,17,,6,6,,,,,,,1,,1,,1,1,,,,1,,,,,,1
396,1190250,26,Liverpool,7.20571428571429,28/10/2017,9,3,8,14,10,73.4,660,766,24,6,,2,8,14,2,16,10,,1,,2,3,,,1,2,1,1,1,,,,,1,,,,,
397,1190250,166,Huddersfield,6.20785714285714,28/10/2017,2,,7,13,14,26.6,174,280,27,1,1,,,10,,1,8,,,,,,,,,1,,,,,,,,,,,,1,
398,1190244,184,Burnley,7.22333333333333,30/10/2017,5,2,9,14,29,47.1,343,451,22,3,4,4,5,24,2,12,9,1,,,,1,,1,,,,,,,1,,,,,,1,,
399,1190244,23,Newcastle United,6.58357142857143,30/10/2017,3,2,7,10,24,52.9,409,521,22,3,1,4,5,29,1,12,10,,,,1,,,,,2,,,,,1,1,,,,,,,
400,1190522,96,Stoke,6.29,16/12/2017,7,,7,25,19,54.7,333,432,21,8,,9,,25,1,17,12,3,,,,,,,,1,,1,2,,,,,,,1,,,
401,1190522,29,West Ham,7.34642857142857,16/12/2017,9,2,19,7,25,45.3,295,372,25,6,1,1,7,19,3,14,13,1,,3,1,3,1,,,,,1,,,1,,1,,,,,,1
402,1190278,162,Crystal Palace,6.68846153846154,18/11/2017,9,3,13,12,17,68.7,439,539,38,5,1,4,7,16,,16,9,2,,2,2,2,,,,,,,2,,,,1,,,,,,
403,1190278,31,Everton,6.97571428571429,18/11/2017,4,1,9,34,16,31.3,159,248,18,2,1,1,5,17,,8,26,,1,1,1,2,1,,,1,,,1,,1,,,,,,,,
404,1190293,162,Crystal Palace,6.82,09/12/2017,6,1,5,18,12,45.1,257,345,20,8,5,8,8,23,3,24,14,2,,,3,2,1,,1,1,,,1,,2,,1,1,,,,,
405,1190293,183,Bournemouth,6.86857142857143,09/12/2017,3,2,10,19,23,54.9,352,442,21,3,3,3,5,12,1,11,14,,1,,1,2,,,,1,,,1,,,,,,1,,,1,
406,1190287,32,Manchester United,7.28857142857143,18/11/2017,11,1,12,15,13,64.7,542,620,26,6,1,3,7,14,2,16,10,2,1,2,1,4,,,,1,,,,,,1,1,1,,,,,
407,1190287,23,Newcastle United,6.43285714285714,18/11/2017,4,2,12,18,14,35.3,260,344,12,6,1,1,5,13,2,12,9,4,1,,1,1,,,,,,,,1,,,,,,,,,
408,1190286,175,West Bromwich Albion,6.97,02/12/2017,3,1,12,15,31,51.1,288,395,29,8,3,6,6,27,4,20,11,2,,,2,,,,,1,,,,,3,,1,,,,,,
409,1190286,162,Crystal Palace,7.10833333333333,02/12/2017,7,1,10,15,27,48.9,271,380,24,3,1,5,2,31,,10,10,,,,1,,,,,2,,,1,,,,,,,,,,
410,1190292,167,Manchester City,7.08071428571429,05/11/2017,5,1,16,18,5,58.2,544,624,16,2,3,2,5,5,,9,15,,,2,1,3,1,,1,2,,,,,,,,,,,,,
411,1190292,13,Arsenal,6.20142857142857,05/11/2017,5,1,5,16,5,41.8,369,450,27,3,3,,3,5,2,6,15,,1,,1,1,,,,,,,,,,,1,,,,,,
412,1190279,13,Arsenal,7.74571428571429,29/11/2017,7,2,7,19,16,70.3,716,813,17,8,2,6,7,13,2,21,10,,3,1,,5,,,,5,1,1,,,,,,,,,1,,
413,1190279,166,Huddersfield,5.97214285714286,29/11/2017,2,1,7,13,13,29.7,259,337,22,3,3,2,2,16,,7,12,,,,,,,1,,3,,,,,,,,,,,,,
414,1190245,259,Swansea,6.505,23/09/2017,6,2,8,21,29,50.8,323,429,24,3,,4,3,23,1,10,9,1,,1,,1,,,,1,,,,,,,,,,,,,
415,1190245,27,Watford,6.89428571428572,23/09/2017,4,,12,17,23,49.2,340,433,22,2,3,2,4,29,1,8,16,1,,,1,2,,,,,,,,,1,,,1,,,1,,
416,1190523,259,Swansea,6.09214285714286,13/12/2017,2,2,14,12,11,21.5,149,223,17,3,2,2,3,10,,8,12,2,,,1,,,,,,,,1,,,,,,,,,,
417,1190523,167,Manchester City,7.66285714285714,13/12/2017,5,3,19,17,10,78.5,763,834,22,10,1,3,10,11,2,23,6,1,2,1,2,4,,,1,5,,,1,,1,,1,,,,,,
418,1190537,27,Watford,6.82785714285714,14/10/2017,2,,6,15,30,46.1,365,465,19,6,1,3,2,22,2,11,8,3,,1,,2,1,,,1,,,,,,,,,,,1,,
419,1190537,13,Arsenal,6.59285714285714,14/10/2017,5,2,2,18,22,53.9,442,552,15,3,,,6,30,,9,10,1,,,2,1,,,,1,,,,,1,,1,,,,1,,
420,1190251,183,Bournemouth,6.85357142857143,30/09/2017,7,1,14,12,27,60.9,436,540,23,10,1,5,4,24,2,19,6,2,,,2,,,,,2,,1,1,,,1,2,,,,,,1
421,1190251,14,Leicester,6.84928571428571,30/09/2017,5,,10,19,24,39.1,221,347,18,4,3,3,1,27,1,8,10,2,,,,,,1,,1,,,,,,,,,,,,,
422,1190494,23,Newcastle United,6.60928571428571,28/04/2018,5,,9,23,21,63.5,467,580,27,9,,6,2,28,6,17,8,1,,,,,,1,,,,1,1,,1,,,,,1,,,
423,1190494,175,West Bromwich Albion,7,28/04/2018,1,1,12,18,28,36.5,227,342,32,6,2,1,2,21,2,9,13,2,,,,1,,,1,,,,,,,,2,,,,,,
424,1190480,96,Stoke,6.52571428571429,07/04/2018,6,1,8,24,22,33.3,159,263,25,5,2,1,4,13,1,10,19,1,,,1,1,,,1,1,,1,,,1,,1,,,,,,1
425,1190480,30,Tottenham,6.92642857142857,07/04/2018,3,2,17,15,13,66.7,454,550,19,5,3,6,4,22,,15,8,1,1,,,2,,,,2,,,2,,,,,1,,,,,
426,1190319,183,Bournemouth,6.72642857142857,03/12/2017,5,,10,12,23,47.8,330,415,31,7,,4,5,13,1,16,6,2,,,1,1,,1,1,2,,,1,,2,,1,,,,,,
427,1190319,18,Southampton,6.96142857142857,03/12/2017,4,1,13,23,13,52.2,371,458,10,9,6,2,4,23,4,15,12,,,1,1,1,,,,4,,,1,,1,,,,,,,,
428,1190331,31,Everton,7.18285714285714,02/12/2017,2,,4,13,29,47.1,252,367,33,1,1,1,4,40,1,6,12,,1,,,2,,,,,,,,1,1,,,,1,,,,
429,1190331,166,Huddersfield,6.50076923076923,02/12/2017,5,1,7,23,40,52.9,281,396,31,2,,,3,29,1,5,9,,,,1,,,1,,,,,1,,,,,,,,,,
430,1190457,30,Tottenham,6.84357142857143,13/05/2018,4,1,10,20,15,64,393,480,26,5,2,3,6,10,2,14,9,2,2,1,,5,,,1,1,,,,,,1,,,,,,,
431,1190457,14,Leicester,6.575,13/05/2018,4,5,9,23,10,36,193,265,17,7,4,1,9,15,2,17,13,3,1,1,,4,,,,,,,1,,,,1,1,1,,,,
432,1190443,26,Liverpool,7.55857142857143,24/02/2018,8,6,11,27,17,68.3,609,712,18,7,1,2,12,19,,21,7,3,2,2,,4,,1,,3,1,1,,,1,,,,,,,,
433,1190443,29,West Ham,6.34857142857143,24/02/2018,2,,9,19,19,31.7,235,337,21,2,2,1,4,17,1,7,7,,1,,1,1,,2,,1,,,,,,,,,,,,,
434,1190325,29,West Ham,7.18846153846154,09/12/2017,4,1,22,22,18,30.6,219,299,21,1,3,2,2,14,,5,10,1,1,,,1,,,,,,,,,,,,,,,,,
435,1190325,15,Chelsea,6.56642857142857,09/12/2017,3,,15,24,14,69.4,586,683,23,8,2,9,2,18,2,19,10,3,,,,,,,,3,,,,,2,,,,,,,,
436,1190328,211,Brighton,6.61071428571429,20/11/2017,6,,11,14,22,53.8,364,462,17,6,3,,3,9,1,9,13,4,,1,,2,,1,1,1,,,,,,,,,,,,,
437,1190328,96,Stoke,7.0275,20/11/2017,7,1,18,10,9,46.2,316,396,24,2,1,5,6,22,1,13,5,1,,1,,2,,1,,,,,,,2,,,,1,,,,
438,1190300,18,Southampton,6.41,04/11/2017,9,,11,15,23,62.8,466,575,27,6,2,4,3,16,2,13,4,,,,1,,,,,2,,,1,1,,1,1,,,,,,
439,1190300,184,Burnley,6.99692307692308,04/11/2017,1,,7,11,16,37.2,239,344,32,2,1,2,1,23,,5,4,,,1,,1,,,,,,,,,,,2,,,,,,
440,1190466,13,Arsenal,6.84,08/04/2018,8,,3,11,23,64.6,597,699,24,4,1,2,7,23,,13,11,1,2,,4,3,,,,1,,,1,,,,1,,1,,,,
441,1190466,18,Southampton,6.72076923076923,08/04/2018,6,1,4,12,23,35.4,266,370,19,4,2,3,8,23,1,15,7,3,1,,3,2,,,1,,,,,,1,1,,,,,,,
442,1190472,15,Chelsea,6.98,08/04/2018,10,1,14,14,7,59.5,504,594,20,11,2,6,6,27,4,23,7,3,1,,1,1,,,,4,,,,,2,1,,,,,,,
443,1190472,29,West Ham,6.62571428571429,08/04/2018,6,,7,17,27,40.5,308,409,14,,2,3,2,7,,5,11,,,1,,1,,,,,,,,,1,,,,,,,,
444,1190314,32,Manchester United,6.94,25/11/2017,5,4,18,10,14,58.3,478,565,22,7,2,4,4,14,4,15,9,1,,,,1,,,,1,,,,,,,1,,,,,,
445,1190314,211,Brighton,6.48357142857143,25/11/2017,,2,5,18,14,41.7,311,404,17,3,1,3,2,14,1,8,9,1,,,,,,,,,,,,,,,1,,,,,,
446,1190499,162,Crystal Palace,6.96615384615385,14/04/2018,5,1,12,12,20,50.2,282,367,16,2,3,5,8,19,1,15,12,,1,1,3,3,,,1,1,,,,,1,,,,,,,,
447,1190499,211,Brighton,6.67071428571428,14/04/2018,6,,8,14,19,49.8,249,347,30,6,1,3,3,20,2,12,16,2,,1,1,2,,,,2,,,,,,,,,1,,,,
448,1190248,14,Leicester,7.115,29/10/2017,3,1,8,14,22,40.4,214,324,20,5,4,1,3,20,2,9,6,2,,,,2,,,,,,,1,,,,,1,,,1,,
449,1190248,31,Everton,6.35642857142857,29/10/2017,10,,6,19,20,59.6,374,470,30,7,1,6,2,22,3,15,10,2,,,1,,,,,1,,,1,,1,,,,,,,,
450,1190274,14,Leicester,7.01333333333333,02/12/2017,10,1,9,7,21,51.6,302,415,30,6,1,7,3,25,3,16,3,2,,,,1,,1,1,,1,1,,,,,,,,,,,
451,1190274,184,Burnley,6.57785714285714,02/12/2017,7,1,3,23,25,48.4,282,382,20,7,6,3,4,21,1,14,11,3,,,2,,,,,2,,,,1,,,1,,,,,,
452,1190512,183,Bournemouth,6.45714285714286,18/04/2018,8,,15,10,23,44.4,352,428,20,6,1,5,2,18,2,13,9,2,,,1,,,1,,1,,,1,,,,,,,,,,
453,1190512,32,Manchester United,7.26785714285714,18/04/2018,5,2,10,19,18,55.6,474,556,21,1,3,8,4,23,1,13,8,,,1,,2,,,,,,,,,,,,1,,,,,
454,1190506,30,Tottenham,6.55928571428571,14/04/2018,5,1,25,22,14,48,371,464,20,1,5,4,3,9,,8,11,1,,1,1,1,,,,,,,,,,,,,,,,,
455,1190506,167,Manchester City,7.06357142857143,14/04/2018,7,,13,14,9,52,426,511,18,5,1,6,6,14,1,17,12,1,,2,1,3,1,1,,1,1,1,1,,1,,,,1,,,,
456,1190260,31,Everton,6.91142857142857,05/11/2017,2,2,5,20,34,37.9,196,294,21,2,5,2,5,25,1,9,14,,2,,,3,1,,1,,,,,,,,1,,,,,,
457,1190260,27,Watford,6.71142857142857,05/11/2017,5,1,13,14,25,62.1,356,472,36,6,1,2,3,34,4,11,12,,2,,,2,,,,1,,,,,,,1,,,,,,
458,1190507,30,Tottenham,6.96785714285714,09/05/2018,6,,11,12,24,62.9,459,551,32,3,4,1,7,18,,11,10,1,,,2,1,,1,,1,,,1,,2,1,,1,,,,,
459,1190507,23,Newcastle United,6.63076923076923,09/05/2018,4,1,7,21,18,37.1,211,319,17,9,1,2,3,24,3,14,8,3,,,1,,,,,1,,1,1,,1,,,,,1,,,
460,1190261,23,Newcastle United,6.52214285714286,01/10/2017,1,1,3,14,20,32.2,196,295,21,1,1,2,5,17,,8,11,,,1,2,1,,,,,,,1,,1,,,,,,,,
461,1190261,26,Liverpool,6.72428571428571,01/10/2017,5,1,10,16,17,67.8,515,613,24,9,2,6,2,20,3,17,6,2,,,,1,,,,3,,,1,,,,,,1,,,,
462,1190275,184,Burnley,7.33583333333333,18/11/2017,8,3,6,23,22,39.2,204,296,16,4,3,6,7,24,1,17,12,3,1,1,2,2,,,,,,,,,,,,,,,,,
463,1190275,259,Swansea,6.49285714285714,18/11/2017,6,,15,10,24,60.8,379,471,25,9,1,4,1,22,1,14,12,3,,,,,,,,3,,,1,,,1,1,,,,,,
464,1190513,211,Brighton,6.37461538461539,31/03/2018,6,,12,11,21,46.4,273,374,31,7,6,5,3,15,2,15,11,1,,,,,,2,,2,,,1,,1,,1,,,,,,
465,1190513,14,Leicester,6.98428571428571,31/03/2018,1,,7,14,15,53.6,340,448,18,2,1,,4,21,,6,13,1,1,1,,2,,1,,,,,1,,1,,,,,,,1,
466,1190249,13,Arsenal,7.405,01/10/2017,6,2,10,15,13,65.2,612,697,17,8,2,6,11,30,3,25,7,1,1,,4,2,,,,2,,1,,,3,,1,,1,1,,,
467,1190249,211,Brighton,6.55357142857143,01/10/2017,5,,10,10,30,34.8,269,357,26,5,3,3,1,13,1,9,8,2,,,1,,,,,,,1,1,,,,,,,1,,,
468,1190498,29,West Ham,6.13642857142857,29/04/2018,,,5,23,12,24.6,201,280,23,2,4,1,1,5,,4,5,1,,1,,1,,,,,,,,,,,1,,,,,,
469,1190498,167,Manchester City,7.23285714285714,29/04/2018,7,4,13,15,5,75.4,807,876,15,7,1,4,8,12,3,19,11,4,1,,,4,,,2,,,,,,1,,,,,,,,
470,1190473,162,Crystal Palace,7.32785714285714,13/05/2018,4,2,21,28,12,59.2,485,560,27,4,1,2,5,13,2,11,10,1,,2,,2,,,,,,,1,,1,,,,,,,,
471,1190473,175,West Bromwich Albion,6.39285714285714,13/05/2018,2,1,9,34,13,40.8,300,379,17,6,1,,1,12,3,7,11,2,,,,,,,,,,,,,,,1,,,,,,
472,1190315,13,Arsenal,6.49714285714286,02/12/2017,12,5,9,18,25,75.1,562,656,24,6,4,11,16,12,2,33,11,,1,,5,1,,,,2,1,1,,1,2,2,1,,,,,,
473,1190315,32,Manchester United,7.47857142857143,02/12/2017,1,1,7,15,12,24.9,147,222,12,1,,3,4,25,,8,10,1,2,,,3,,,1,,,,,,,,,,,,,,
474,1190301,26,Liverpool,6.72714285714286,10/12/2017,12,,18,13,14,79.4,644,736,30,12,1,8,3,14,2,23,8,3,,,,1,,,,4,,,1,,,2,2,,1,,,,
475,1190301,31,Everton,6.56642857142857,10/12/2017,1,,1,21,14,20.6,99,197,11,1,,,2,14,,3,11,1,,,1,1,1,,,,,,,,,,,,,,1,,
476,1190467,27,Watford,6.72071428571429,05/05/2018,2,2,2,14,25,39.2,288,384,16,1,5,2,8,17,,11,9,,,1,3,2,,,1,,,,1,,1,,,,,,,,
477,1190467,23,Newcastle United,6.48928571428571,05/05/2018,5,,9,8,17,60.8,474,577,25,4,3,4,1,25,1,9,11,2,,1,,1,,,,,1,1,,,,,,,,,,1,
478,1190329,175,West Bromwich Albion,6.56928571428571,24/02/2018,6,1,11,13,31,53.3,274,405,29,5,7,2,3,27,,10,11,1,1,,,1,,,,3,,,,1,,,1,,,,,,
479,1190329,166,Huddersfield,7.00642857142857,24/02/2018,3,1,8,29,27,46.7,231,360,24,4,5,5,7,31,1,16,9,1,1,1,2,2,,,,2,,,,1,,1,,,,,,,
480,1190459,18,Southampton,6.75714285714286,19/08/2017,7,1,3,10,25,66.1,487,569,16,6,1,3,5,16,2,14,18,2,,1,,3,2,,2,,,1,1,,1,,,,,,,,1
481,1190459,29,West Ham,6.58714285714286,19/08/2017,2,1,6,12,16,33.9,192,287,13,6,,2,8,25,,16,10,6,,1,1,2,,2,,,,,,1,1,,,,1,,,,
482,1190317,259,Swansea,7.04428571428572,09/12/2017,6,,13,20,28,54.3,365,461,25,8,1,7,3,21,2,18,8,1,,,1,1,,,,4,,,1,,1,,,1,,,,,
483,1190317,175,West Bromwich Albion,6.43571428571429,09/12/2017,3,,6,15,21,45.7,298,396,30,3,2,3,1,28,2,7,18,,,,1,,,,,1,,,,,,,,,,,,,
484,1190471,184,Burnley,6.43285714285714,13/05/2018,7,2,4,16,18,51.4,303,416,22,5,3,1,4,22,2,10,14,2,1,,,1,,1,,,,,1,,,,,,,,,,
485,1190471,183,Bournemouth,6.73357142857143,13/05/2018,8,1,2,10,22,48.6,305,401,25,5,1,6,5,18,2,16,9,,,1,1,2,,1,,,,,,,,,3,1,,,,,
486,1190465,96,Stoke,6.38076923076923,05/05/2018,1,,8,18,20,41.1,185,283,19,4,2,1,2,22,3,7,18,,,,1,1,,,,1,,,,,,,,1,,,,,
487,1190465,162,Crystal Palace,6.85142857142857,05/05/2018,7,,18,7,22,58.9,315,411,26,7,2,4,2,20,1,13,12,3,,1,,2,,,1,2,,,,,,,1,,,,,,
488,1190303,31,Everton,7.56428571428571,29/11/2017,2,,11,19,22,43.9,325,411,21,2,2,1,5,26,1,8,16,,1,,1,4,,,2,1,,,,,,,,,1,,,1,
489,1190303,29,West Ham,6.05714285714286,29/11/2017,6,,17,11,26,56.1,406,511,30,3,1,1,3,22,,7,6,,,,1,,,1,,2,,1,,,1,,,,,,,1,1
490,1190539,30,Tottenham,7.25357142857143,13/12/2017,10,1,11,15,20,75.1,663,749,28,6,3,11,8,20,1,25,5,1,,,2,2,,,,3,,,,,3,,1,1,1,,,,
491,1190539,211,Brighton,6.48357142857143,13/12/2017,2,1,5,13,20,24.9,161,248,20,2,1,1,4,20,,7,10,1,,,,,,2,,1,,,,,,1,,,,,,,
492,1190263,96,Stoke,6.87571428571429,30/09/2017,5,1,4,14,21,29.5,171,262,21,1,1,10,6,29,,17,11,,1,,1,2,,,1,1,,,,,2,,,,,,,,
493,1190263,18,Southampton,6.78,30/09/2017,6,1,15,14,29,70.5,533,620,20,12,3,6,3,21,5,21,10,2,,,1,1,,,,2,,,1,,,,2,,,,1,1,
494,1190505,259,Swansea,6.84,14/04/2018,6,1,3,25,33,50.6,336,447,27,5,1,5,7,28,,17,10,,,1,1,1,,,,3,,,2,1,3,,,,,,,,
495,1190505,31,Everton,6.76214285714286,14/04/2018,3,2,5,17,28,49.4,331,437,19,5,,4,3,33,2,12,11,,,,1,1,,,,2,,1,,,,,,,,,,,1
496,1190511,13,Arsenal,7.365,01/04/2018,6,4,10,16,27,69.6,549,647,18,8,3,5,11,24,3,24,9,1,,3,1,3,2,,,1,,1,1,,3,,1,,,,,,1
497,1190511,96,Stoke,6.22692307692308,01/04/2018,5,2,7,11,24,30.4,178,273,21,4,3,2,2,27,2,8,13,1,,,,,,,,,,,,,,,1,,,,,,
498,1190277,167,Manchester City,7.09428571428571,03/12/2017,10,,13,22,15,77,664,753,20,5,2,11,8,17,,24,5,,,2,,2,,1,,,,,3,1,4,,2,,,,,,
499,1190277,29,West Ham,6.73357142857143,03/12/2017,4,1,12,20,17,23,158,220,19,3,4,,4,15,1,7,7,1,1,,,1,,,,,,,,1,1,,1,,,,,,
500,1190288,14,Leicester,7.02357142857143,28/11/2017,4,,9,23,18,37.4,240,336,22,3,2,,4,16,1,7,7,1,,1,,2,,,,1,,,,,1,1,,,1,,,,
501,1190288,30,Tottenham,6.62214285714286,28/11/2017,9,3,10,19,16,62.6,465,561,25,9,1,3,6,18,5,18,10,2,,,1,1,,,,1,,,1,1,,,,1,,,,,
502,1190289,184,Burnley,7.10769230769231,09/12/2017,3,,5,8,34,49,251,377,18,2,6,1,5,41,,8,10,1,,1,2,1,,,,1,,,,,1,1,,,,,,,
503,1190289,27,Watford,6.62153846153846,09/12/2017,5,1,4,10,41,51,276,394,20,8,3,1,2,34,5,11,12,,,,,,,1,,2,,,,,,,1,,,,,,
504,1190510,13,Arsenal,7.17642857142857,22/04/2018,8,1,11,4,12,67.7,552,629,20,8,1,4,8,10,2,20,11,3,1,3,1,4,,,,2,,,,,2,,1,,,,,,
505,1190510,29,West Ham,6.18285714285714,22/04/2018,6,1,7,10,10,32.3,201,297,19,4,1,3,4,12,,11,9,,,1,,1,,,,2,,1,1,,2,,,,,,,,1
506,1190276,29,West Ham,6.74846153846154,24/11/2017,5,,18,19,23,49.3,300,381,27,3,,1,4,28,1,8,9,,,,,1,,,,2,,,,1,2,,,1,,,,,
507,1190276,14,Leicester,6.72230769230769,24/11/2017,5,,9,24,28,50.7,313,404,21,5,1,,2,23,1,7,12,3,1,,,1,,1,,,,,,,,,1,,,,,,
508,1190262,166,Huddersfield,6.94142857142857,04/11/2017,3,1,5,20,17,50.1,339,421,22,3,4,1,3,19,1,7,8,,,,,1,,,,2,,,,,1,,,1,,,,,
509,1190262,175,West Bromwich Albion,6.40714285714286,04/11/2017,5,,9,13,19,49.9,330,417,30,2,4,4,3,17,1,9,15,1,,,1,,,,,,,,,,2,,,,,,,,
510,1190504,18,Southampton,6.65071428571429,14/04/2018,4,1,8,14,23,42,277,377,25,2,1,1,7,12,,10,13,1,,2,2,2,,1,,,,,,,,1,1,,,,,,
511,1190504,15,Chelsea,7.02785714285714,14/04/2018,7,,15,11,12,58,420,518,28,4,2,8,5,23,1,17,14,,1,1,,3,,,,,,,2,,2,,1,,,,1,,
512,1190538,14,Leicester,6.43571428571429,23/12/2017,4,1,5,8,14,49.7,354,448,19,3,,5,3,7,1,11,19,2,1,1,,2,,,,,,,,,,,,,,,,,
513,1190538,32,Manchester United,6.89714285714286,23/12/2017,6,1,12,17,7,50.3,371,448,20,9,5,4,6,14,1,19,8,2,,1,2,2,,1,,4,,1,1,,,,,,,1,1,,
514,1190464,175,West Bromwich Albion,6.58384615384615,31/03/2018,1,,7,20,25,47.5,300,414,18,3,2,2,3,29,,8,12,2,,1,,1,,1,,1,,,,,1,,,,,,,,
515,1190464,184,Burnley,6.79538461538462,31/03/2018,6,1,6,10,29,52.5,369,461,21,6,2,1,4,25,2,11,9,2,1,,,2,,1,,,,,1,,,,1,1,,,,,
516,1190302,162,Crystal Palace,6.95,25/11/2017,5,2,9,27,15,54,379,492,38,2,2,3,5,14,1,10,9,1,,1,,2,,,1,,,,,,1,,,,,,,,
517,1190302,96,Stoke,6.75307692307692,25/11/2017,2,1,13,20,14,46,327,425,38,6,1,1,3,15,1,10,5,4,,1,1,1,,,,1,,,,,,,,,,,,,
518,1190316,29,West Ham,6.13142857142857,04/11/2017,2,,9,10,14,48,335,442,22,5,5,,1,16,,6,9,,,1,,1,,,,3,,1,,,,,1,,,1,,,
519,1190316,26,Liverpool,7.10714285714286,04/11/2017,3,,10,20,16,52,381,488,25,7,1,1,7,14,4,15,13,1,,3,3,4,,,,1,,,,,,,1,1,,,,,
520,1190470,211,Brighton,6.64384615384615,07/04/2018,5,1,8,17,29,41,234,357,26,6,3,3,4,30,3,13,13,1,,,,1,,2,,,,,1,,1,,1,,,,,,
521,1190470,166,Huddersfield,6.77285714285714,07/04/2018,3,,8,16,30,59,402,517,18,4,3,5,5,29,,14,7,2,,,3,1,,,1,2,,,,,,1,,,,,,,
522,1190458,31,Everton,6.70285714285714,05/05/2018,3,1,8,11,22,54.4,325,415,27,5,2,1,3,31,1,9,14,3,,,,1,,,1,1,,,,1,,,,,,,,,
523,1190458,18,Southampton,6.61142857142857,05/05/2018,4,1,11,17,31,45.6,264,358,21,2,4,4,5,22,,11,12,,,,2,1,,,1,1,,,1,,1,,,,,,,,
524,1190474,31,Everton,6.67,07/04/2018,3,,4,16,23,38.1,245,359,27,4,4,1,1,25,1,6,12,2,,,,,,,,1,,,,,1,,,,,,,,
525,1190474,26,Liverpool,6.62357142857143,07/04/2018,2,1,8,12,25,61.9,472,588,29,4,1,3,3,23,,10,7,1,,,1,,,,,1,,,2,,1,,,,,,,,
526,1190312,30,Tottenham,6.97928571428572,05/11/2017,10,1,7,20,14,68.4,491,583,27,6,3,4,2,16,4,12,6,1,1,,,1,,,,1,,,,,,,,,,,,,
527,1190312,162,Crystal Palace,6.54833333333333,05/11/2017,9,,8,19,16,31.6,185,268,22,5,4,3,3,14,2,11,7,2,,,1,,,,,1,,,,,2,,,,,,,,
528,1190306,166,Huddersfield,6.35857142857143,26/11/2017,3,,8,16,11,20.5,94,184,19,3,3,1,,19,1,4,10,1,,,,1,,,,,,,,,,,1,,,,,,
529,1190306,167,Manchester City,6.79714285714286,26/11/2017,7,1,15,21,19,79.5,642,733,16,7,3,2,5,11,1,14,10,2,,1,1,2,1,,,2,,1,,1,,,1,,,,1,,1
530,1190460,29,West Ham,7.12571428571429,13/05/2018,6,1,17,11,14,56.6,396,479,15,5,4,6,4,22,1,15,10,1,,1,,3,,,,,,,3,,,,,1,,,1,,
531,1190460,31,Everton,6.26428571428571,13/05/2018,6,,11,10,22,43.4,283,365,11,3,1,4,7,14,,14,13,,,1,2,1,,,,2,,,1,1,3,,,,,,,,
532,1190448,96,Stoke,6.87538461538461,31/01/2018,2,1,11,10,40,48.4,161,279,30,4,5,3,4,43,1,11,12,2,,,1,,,1,,,,,,,1,,1,,,,,,
533,1190448,27,Watford,6.78571428571429,31/01/2018,6,,6,13,43,51.6,185,300,28,5,,4,2,40,1,11,12,2,,,1,,,,,1,,,,,1,,1,,,,,,
534,1190500,166,Huddersfield,6.82642857142857,14/04/2018,9,,3,18,19,48.7,254,365,29,3,2,5,1,21,1,9,9,2,,,,1,,,1,,,,,,,,,,,,,,
535,1190500,27,Watford,6.425,14/04/2018,6,1,5,20,21,51.3,294,405,27,,1,2,2,19,,4,8,,,,,,,,,,,,,,1,,,,,,,,
536,1190266,211,Brighton,6.835,15/10/2017,7,,9,18,24,46.9,285,385,18,3,5,6,3,25,1,12,12,1,,1,1,1,,1,,1,,,,,,,,,,,,,
537,1190266,31,Everton,6.83428571428572,15/10/2017,1,3,12,20,25,53.1,354,451,22,5,1,2,6,24,,13,10,3,1,,1,1,1,,,1,,,1,,,1,,,,,,,
538,1190272,18,Southampton,6.78714285714286,15/10/2017,3,,12,11,18,61.8,495,583,24,6,1,4,2,28,1,12,11,3,,1,,2,1,,,2,,,,,,,,1,,,,,
539,1190272,23,Newcastle United,6.63285714285714,15/10/2017,8,1,9,14,28,38.2,260,347,19,8,,6,5,18,4,19,12,1,1,,1,2,,,1,1,,1,1,,1,,,,,,,,1
540,1190514,211,Brighton,6.79923076923077,17/04/2018,3,3,10,22,19,35.9,251,357,26,2,,1,5,15,,8,6,,1,,1,1,1,,,1,,,1,,,,,,,,,,
541,1190514,30,Tottenham,6.63714285714286,17/04/2018,5,1,13,10,15,64.1,537,634,24,5,,5,6,19,3,16,5,1,,,,1,,1,1,,,,,1,2,,1,,,,,,
542,1190528,13,Arsenal,6.73,22/12/2017,7,,8,18,23,53.5,380,503,27,3,3,4,4,18,1,11,9,1,1,,,3,,,1,,,,,1,,,1,,,,1,,
543,1190528,26,Liverpool,6.95642857142857,22/12/2017,8,2,13,21,18,46.5,334,436,22,5,1,,9,23,3,14,11,,2,1,2,3,,,,2,,,,,2,,,,,,,,
544,1190299,15,Chelsea,7.15928571428571,29/11/2017,15,1,12,22,9,61.1,518,608,25,7,,4,10,21,,21,10,3,1,,1,1,,2,,2,,,1,,5,,1,,,,,,
545,1190299,259,Swansea,6.46785714285714,29/11/2017,1,,4,16,21,38.9,315,404,22,1,,1,,9,,2,7,,,,,,,,,,,,1,,,,,,,,,,
546,1190298,184,Burnley,6.58083333333333,26/11/2017,5,,9,13,24,36.3,269,350,9,3,4,3,2,19,1,8,8,,,,,,,,,,,1,,1,1,,1,,,1,,,
547,1190298,13,Arsenal,7.02,26/11/2017,5,,14,11,19,63.7,531,636,20,9,3,7,2,24,1,18,14,3,1,,1,1,1,,,1,,,1,,,,3,,,,,,
548,1190529,32,Manchester United,6.96071428571429,13/12/2017,4,,8,13,12,56.4,482,570,21,3,2,4,2,10,1,9,14,,,,,1,,,,1,,1,,,1,,,1,,,,,1
549,1190529,183,Bournemouth,6.49,13/12/2017,9,2,8,10,10,43.6,342,427,14,4,,3,7,12,1,14,12,1,,,1,,,,,1,,,,1,3,,1,,,,,,
550,1190273,259,Swansea,6.96857142857143,14/10/2017,5,,3,15,13,40.2,280,360,23,2,1,2,3,20,1,7,12,1,,2,1,2,,,,,,,,,,,,,,,,,
551,1190273,166,Huddersfield,6.17928571428571,14/10/2017,3,,12,16,20,59.8,458,539,18,1,,4,2,13,,7,16,,,,2,,,,,1,,,,,,,,,,,,,
552,1190515,15,Chelsea,6.57142857142857,01/04/2018,5,,10,27,13,48.7,384,494,21,7,4,3,4,13,3,14,4,3,1,,2,1,,,,,,,,,1,,1,,,,,,
553,1190515,30,Tottenham,7.08285714285714,01/04/2018,5,,10,20,13,51.3,435,528,25,3,3,3,6,13,1,12,11,1,,1,1,3,,1,1,1,,,,,,1,,,,,1,,
554,1190501,26,Liverpool,7.49571428571429,14/04/2018,7,3,13,26,11,61.8,535,619,13,10,4,3,7,11,4,20,9,2,3,,,3,,,,2,,,1,,1,,1,,,,,,
555,1190501,183,Bournemouth,6.18071428571429,14/04/2018,5,,5,15,11,38.2,290,375,17,2,4,3,1,11,,6,9,1,,,,,,,,1,,,,,1,,,,,,,,
556,1190267,184,Burnley,6.68857142857143,14/10/2017,7,1,9,12,25,62.1,356,454,21,8,2,7,5,30,,20,11,3,1,,1,1,,,,3,,1,1,,2,,,,,1,,,
557,1190267,29,West Ham,6.62,14/10/2017,4,,6,9,30,37.9,189,285,18,1,1,1,6,25,1,8,14,,,,,1,,1,1,,,,,1,1,2,,,,,,,
558,1190449,27,Watford,7.15714285714286,24/02/2018,6,2,15,19,12,54.3,316,428,28,4,,4,5,35,,13,10,,,,1,1,,,,,,,3,,,1,1,1,,,,,
559,1190449,31,Everton,6.49428571428571,24/02/2018,5,2,7,26,35,45.7,232,350,33,4,1,1,2,12,2,7,9,1,,,,,,,,,,,,,,,1,,,,,,
560,1190307,167,Manchester City,6.98307692307692,29/11/2017,6,3,7,16,13,74.3,668,778,29,8,1,6,12,19,4,26,12,1,1,,2,2,,,,3,,,,,4,1,,1,,,,,
561,1190307,18,Southampton,6.75642857142857,29/11/2017,5,,9,15,19,25.7,157,270,13,3,1,2,2,13,,7,11,,,,1,1,,,,2,,1,,,,,,1,,,,,1
562,1190461,14,Leicester,6.35785714285714,05/05/2018,8,,8,23,22,54,328,417,21,4,2,7,2,17,2,13,8,1,,,1,,,,,1,,,,1,,,,,,,,,
563,1190461,29,West Ham,7.27785714285714,05/05/2018,3,1,12,20,17,46,269,363,35,3,2,7,3,22,1,13,9,1,1,,,2,,,1,,,1,,,,,,,,,,,1
564,1190475,166,Huddersfield,6.65714285714286,13/05/2018,7,1,4,18,13,45,308,399,23,11,,5,3,23,4,19,11,3,,,1,,,,,1,,1,2,,1,,,,,,,,1
565,1190475,13,Arsenal,6.93071428571429,13/05/2018,4,1,12,11,23,55,414,519,27,3,2,2,4,13,1,9,7,1,,,,1,,,1,,,,,,2,,1,,,,,,
566,1190313,18,Southampton,6.81,10/12/2017,4,1,12,14,12,33,296,375,13,2,4,1,3,9,,6,12,1,,,1,1,,,1,,,1,,,,,,,,,,,1
567,1190313,13,Arsenal,6.57571428571429,10/12/2017,5,1,9,13,9,67,664,758,19,4,1,1,6,12,3,11,10,,,1,1,1,,,,,,,1,,2,1,,,,,,,
568,1190463,167,Manchester City,6.72785714285714,06/05/2018,10,1,7,14,20,79.2,630,720,37,10,1,3,2,15,2,15,9,3,,,,,,,,3,,,1,,1,,1,,,,,,
569,1190463,166,Huddersfield,6.85571428571429,06/05/2018,1,1,3,18,15,20.8,108,193,23,2,1,,3,20,1,5,4,1,,,1,,,,,,,,,,1,,,,,,,,
570,1190305,32,Manchester United,6.52357142857143,10/12/2017,2,3,14,22,20,35.4,225,329,20,2,4,1,5,13,,8,16,,1,,,1,,,,1,,,1,,1,,,,,,,,
571,1190305,167,Manchester City,6.84428571428572,10/12/2017,8,2,17,18,13,64.6,502,606,20,3,,4,7,20,,14,10,,,1,2,2,,,,2,,,,1,,,1,,,,1,,
572,1190311,96,Stoke,6.34538461538462,29/11/2017,5,1,11,16,25,39.9,244,349,24,4,4,5,1,34,,10,8,1,,,,,,,,1,,,1,,,,1,,,,,,
573,1190311,26,Liverpool,7.31142857142857,29/11/2017,10,2,11,14,34,60.1,445,548,23,3,2,4,7,25,,14,10,1,1,,,3,,1,1,,1,1,1,,1,,,,,,1,,
574,1190477,26,Liverpool,7.44214285714286,13/05/2018,7,4,9,10,10,72.3,658,737,21,5,1,6,11,17,1,22,3,1,1,2,2,4,,1,,2,,,,,,,1,1,,,,,
575,1190477,211,Brighton,6.07857142857143,13/05/2018,3,1,6,17,17,27.7,194,275,13,,1,1,1,10,,2,6,,,,,,,,,,,,,,,,,,,,,,
576,1190339,13,Arsenal,7.53571428571429,03/02/2018,4,1,9,22,25,58.4,468,553,13,3,1,5,7,21,1,15,8,,,3,1,5,,,1,1,1,1,,,,,,,,,1,,
577,1190339,31,Everton,6.19357142857143,03/02/2018,6,1,13,11,21,41.6,306,376,27,4,3,4,2,25,1,10,8,2,,,,1,,,1,,1,1,,,,,,,,,,,
578,1190488,175,West Bromwich Albion,6.67285714285714,21/04/2018,7,2,11,15,13,38.4,243,344,26,6,1,1,6,16,,13,12,4,,,,2,,,1,,,,1,,2,,1,,1,,,,
579,1190488,26,Liverpool,6.735,21/04/2018,4,1,14,11,16,61.6,492,584,14,4,2,2,3,13,,9,5,2,,,,2,,,1,2,,,,,,,,,,,1,,
580,1190517,31,Everton,6.92928571428572,23/04/2018,4,,9,13,27,56.5,365,478,24,5,4,3,1,30,1,9,10,2,,,,1,,,,,,,,,,,2,,,,1,,
581,1190517,23,Newcastle United,6.50214285714286,23/04/2018,6,,11,19,30,43.5,230,362,26,4,1,3,2,27,1,9,11,,,,1,,,1,,2,,,,,,,1,,,,,,
582,1190271,167,Manchester City,7.58928571428571,14/10/2017,5,1,5,12,7,79.3,814,892,18,9,2,,11,18,4,20,5,2,3,2,1,7,,,,3,,,,,2,,,,1,,1,,
583,1190271,96,Stoke,5.75714285714286,14/10/2017,,,6,12,18,20.7,152,231,13,3,1,1,1,7,2,5,8,1,,,,2,,,,,,,,,,,,,,,1,,
584,1190265,29,West Ham,7.06214285714286,30/09/2017,2,1,6,22,19,43.2,287,375,29,3,1,2,4,24,1,9,15,1,,,,1,,,,,,1,,,1,1,,,,,1,,1
585,1190265,259,Swansea,6.45571428571429,30/09/2017,1,,6,14,24,56.8,412,501,29,3,,2,1,19,,6,13,1,,,,,,,,1,,,,1,,,1,,,,,,
586,1190503,23,Newcastle United,6.80428571428572,15/04/2018,2,2,6,22,20,28.2,173,274,18,2,1,2,4,21,1,8,11,,,1,,2,,,1,1,,,,,,,,,,,,,
587,1190503,13,Arsenal,6.55428571428571,15/04/2018,5,1,9,25,21,71.8,590,695,22,8,2,4,3,20,2,15,9,4,,,,1,,,,2,,,,,1,,,1,,,,,
588,1190259,32,Manchester United,7.565,30/09/2017,6,1,12,17,8,59.3,474,566,21,6,2,5,7,17,2,18,6,1,,4,2,4,,,,3,,,,,,,,,,,,,
589,1190259,162,Crystal Palace,6.10357142857143,30/09/2017,5,,10,20,17,40.7,295,377,17,4,1,1,1,8,1,6,9,,,,,,,,,1,,,1,,,1,1,,,,,,
590,1190258,15,Chelsea,7.07428571428571,05/11/2017,4,4,10,14,19,54,370,471,27,6,,4,8,17,2,18,16,2,,,,1,,,,1,,,1,,2,1,,1,,,,,
591,1190258,32,Manchester United,6.43428571428571,05/11/2017,7,,4,13,17,46,301,396,29,3,,5,2,19,2,10,20,,,,2,,,,,1,,,,,,,,,,,,,
592,1190264,175,West Bromwich Albion,6.84785714285714,30/09/2017,7,1,10,25,27,34.9,205,295,11,3,1,2,4,31,,9,12,1,,1,,2,,,1,2,,,,,1,,,,,,,,
593,1190264,27,Watford,6.81846153846154,30/09/2017,6,,9,21,31,65.1,464,552,22,6,1,6,3,27,,15,11,4,1,1,,2,,,,2,,,,,1,,,,,,,,
594,1190502,32,Manchester United,6.54071428571429,15/04/2018,4,1,14,15,14,70.3,658,742,16,6,4,4,4,15,2,14,8,2,,,3,,,,,1,,,1,,,,,,,,,,
595,1190502,175,West Bromwich Albion,6.95142857142857,15/04/2018,4,1,9,9,15,29.7,218,312,16,4,1,2,4,14,1,10,13,2,,,1,1,,1,1,1,,,,,,,,,,,,,
596,1190516,15,Chelsea,6.76769230769231,09/05/2018,10,,17,13,21,77.9,722,831,31,6,2,11,5,19,3,22,7,2,,1,1,1,,1,,1,,,,,1,1,,,,,,,
597,1190516,166,Huddersfield,6.77,09/05/2018,,1,3,24,19,22.1,137,243,10,1,,,2,21,,3,10,1,1,,,1,,,,,,,,,,,,,,,,,
598,1190270,26,Liverpool,6.96285714285714,14/10/2017,7,2,22,17,11,62.2,500,580,32,8,3,6,5,11,2,19,7,,,,3,,,,,2,,,3,,,,1,,,,,,
599,1190270,32,Manchester United,6.69428571428571,14/10/2017,3,1,10,21,11,37.8,267,354,23,2,1,3,1,11,1,6,13,,,,,,,,,,,,,,,,1,,,,,,
600,1190489,184,Burnley,6.65857142857143,28/04/2018,3,2,6,9,33,44.5,218,339,24,2,4,4,4,22,,10,5,1,,,1,,,,,,1,1,,,1,,,,,,,,
601,1190489,211,Brighton,6.73357142857143,28/04/2018,4,,4,11,22,55.5,321,432,23,4,3,4,2,33,3,10,17,,,,1,,,,,,,,1,,,1,,,,,,,
602,1190338,183,Bournemouth,6.98357142857143,14/01/2018,4,2,13,23,31,40.6,234,367,26,5,,3,5,27,1,13,8,1,,,,2,,,2,3,,,,,1,,,,,,,,
603,1190338,13,Arsenal,6.54153846153846,14/01/2018,5,1,5,20,27,59.4,409,550,24,5,4,4,3,31,1,12,10,2,,1,,1,,,,1,,1,,,1,,,,,,,,1
604,1190310,26,Liverpool,6.80857142857143,25/11/2017,7,1,13,19,12,53.5,504,587,22,3,,9,4,7,1,16,10,1,,1,1,1,,,,,,,,,1,,1,,,,,,
605,1190310,15,Chelsea,6.89642857142857,25/11/2017,8,,18,23,7,46.5,411,497,19,5,5,3,3,12,2,11,7,1,,,1,1,,,,1,,,1,1,,,,,1,,,,
606,1190476,14,Leicester,6.44857142857143,07/04/2018,7,,10,9,24,66.3,413,518,24,5,3,2,1,31,1,8,7,4,1,,,1,,,,,,,,,,,,,,,,,
607,1190476,23,Newcastle United,6.685,07/04/2018,5,,4,13,31,33.7,162,272,27,3,3,1,4,24,1,8,14,1,,1,,2,,1,1,1,,,,,1,,,,,,,,
608,1190462,27,Watford,6.63571428571429,31/03/2018,7,,9,18,21,49.9,322,424,21,4,3,7,5,15,1,16,16,3,,1,2,2,,1,,,,,,,,,,,,,1,,
609,1190462,183,Bournemouth,6.85857142857143,31/03/2018,4,1,9,20,15,50.1,338,426,20,4,4,3,6,21,1,13,6,,2,,,2,1,1,,1,,1,1,,2,,,,,,,,1
610,1190304,96,Stoke,6.87769230769231,04/11/2017,4,2,6,15,26,47.2,284,379,28,3,,1,7,27,1,11,12,1,2,,2,2,,,,,,,1,,1,,,,,,,,
611,1190304,14,Leicester,6.76785714285714,04/11/2017,10,,6,14,27,52.8,337,424,24,5,5,5,4,26,2,14,8,2,,,,2,,2,1,1,,,,,,,,1,,,,,
612,1190439,14,Leicester,6.65846153846154,24/02/2018,13,3,11,19,35,66.2,358,483,25,8,,2,9,30,2,19,10,2,,,4,1,,,,1,,1,1,1,1,,1,,,1,,,
613,1190439,96,Stoke,6.74714285714286,24/02/2018,1,,8,19,30,33.8,138,257,31,2,2,2,2,35,1,6,16,1,,1,,1,,,,,,,,,1,,,,,,,,
614,1190405,175,West Bromwich Albion,6.18571428571429,10/03/2018,7,,8,17,30,43.8,267,362,30,3,1,1,2,18,,6,6,3,,,,1,,,1,,,,,1,,,,,,,,,
615,1190405,14,Leicester,7.30285714285714,10/03/2018,6,1,12,17,18,56.2,363,474,32,5,2,3,6,30,4,14,7,,,2,,4,,1,1,,,,,,,,1,,,,1,,
616,1190363,26,Liverpool,6.71642857142857,04/02/2018,3,,13,17,16,34.1,204,302,14,4,2,2,3,14,3,9,15,,,1,,2,,,,,,,,,1,,1,1,,,,1,
617,1190363,30,Tottenham,6.56928571428571,04/02/2018,7,3,10,16,14,65.9,473,590,20,2,2,5,6,16,1,13,9,,,1,1,2,1,,,1,,,,,,,,,1,,,,
618,1190377,183,Bournemouth,6.35928571428571,11/03/2018,4,1,17,22,14,37,226,331,21,7,,4,3,13,2,14,10,2,,1,1,1,,,,2,,1,,,,,,,,,,,1
619,1190377,30,Tottenham,7.25571428571428,11/03/2018,5,2,17,22,13,63,465,559,20,1,3,3,8,14,,12,7,,1,,,4,,,1,,,,,,1,1,1,1,,,1,,
620,1190411,30,Tottenham,7.15769230769231,10/02/2018,10,3,16,14,13,49.9,411,494,21,11,1,1,6,16,2,18,13,7,1,,,1,,1,,2,,,,,,1,,,,,,,
621,1190411,13,Arsenal,6.48071428571429,10/02/2018,2,,8,12,16,50.1,413,509,10,3,6,2,1,13,1,6,9,,,,,,,,,2,,,,,,1,,,,,,,
622,1190388,162,Crystal Palace,6.80428571428571,31/12/2017,7,2,17,19,16,25.5,124,205,13,4,4,4,2,15,2,10,14,1,,,,,,,,,,,1,,,,,,,,,,
623,1190388,167,Manchester City,6.77071428571429,31/12/2017,8,2,14,14,15,74.5,550,626,18,4,2,7,4,16,1,15,11,2,,,,,,1,,1,,,,,1,,,,,,,1,
624,1190175,211,Brighton,6.30857142857143,12/08/2017,3,1,7,10,13,21.8,130,213,18,2,6,2,2,13,1,6,6,1,,,,,,1,,,,,,,,,,,,,,,
625,1190175,167,Manchester City,6.90285714285714,12/08/2017,10,2,6,10,13,78.2,691,768,17,5,1,5,4,13,,14,9,2,1,,,2,,,,,1,1,2,,1,,,,,,,,
626,1190217,31,Everton,6.23285714285714,09/09/2017,7,,6,17,15,50.7,375,464,19,5,4,6,1,12,1,12,14,2,,,,,,,,1,,,,1,,,1,,,,,,
627,1190217,30,Tottenham,7.31071428571429,09/09/2017,3,2,10,13,12,49.3,367,458,22,6,3,3,6,15,2,15,14,1,,1,,3,,,,1,,,2,,1,,,,,,2,,
628,1190203,27,Watford,6.68857142857143,26/08/2017,3,,8,10,20,42.2,244,334,29,5,,3,,20,2,8,7,,,,,,,,,3,,,,,,,,,,,,,
629,1190203,211,Brighton,6.72714285714286,26/08/2017,11,1,5,12,20,57.8,359,433,15,8,5,6,2,20,1,16,18,5,,,,,,,,,1,1,,,1,,1,,,,,,
630,1190202,30,Tottenham,6.87230769230769,16/09/2017,11,1,7,14,13,74.9,674,757,27,14,,4,8,17,4,26,11,1,,,2,,,1,,8,,1,,,3,1,,,,,,,1
631,1190202,259,Swansea,6.84214285714286,16/09/2017,1,,10,17,17,25.1,164,257,7,4,,,,13,,4,9,2,,,,,,,,1,,,,,,,1,,,,,,
632,1190216,184,Burnley,6.76307692307692,23/09/2017,3,2,7,15,22,52,333,456,31,1,5,1,2,26,,4,9,1,,,,,,,,,,,,,,,,,,,,,
633,1190216,166,Huddersfield,6.84642857142857,23/09/2017,4,,6,25,26,48,316,417,31,5,3,2,2,22,1,9,14,1,,,,,,,,1,,,2,,2,,,,,,,,
634,1190174,13,Arsenal,7.30714285714286,11/08/2017,9,2,16,23,18,70,538,632,21,9,5,8,10,18,2,27,9,3,2,,1,4,,1,1,1,,,2,,2,,1,,1,,,,
635,1190174,14,Leicester,6.64642857142857,11/08/2017,4,,5,17,18,30,167,263,31,3,3,,3,18,1,6,12,1,1,,,3,,,,1,,,,,,,,,,,2,,
636,1190389,166,Huddersfield,6.89571428571429,10/03/2018,12,,7,10,24,81.2,608,679,34,15,2,11,4,30,4,30,9,7,,,1,,,1,,3,1,1,,,2,,,,,,,,
637,1190389,259,Swansea,6.91538461538461,10/03/2018,,,5,17,30,18.8,88,169,18,,3,,,24,,,9,,,,,,,,,,,,,,,,,,,,,,
638,1190376,175,West Bromwich Albion,6.84214285714286,26/12/2017,10,1,8,13,26,52.7,263,370,28,10,1,4,3,38,2,17,14,2,,,2,,,,,3,,,1,,,,2,,,,,,
639,1190376,31,Everton,6.69714285714286,26/12/2017,2,,3,16,38,47.3,238,344,31,4,1,,3,26,2,7,13,,,,1,,,,,1,,,,,1,1,1,,,,,,
640,1190410,259,Swansea,7.07769230769231,22/01/2018,3,,6,15,19,28.2,204,295,17,1,1,,2,18,,3,5,,1,,,1,,,,,,,,,1,,1,,,,,,
641,1190410,26,Liverpool,6.52384615384615,22/01/2018,9,1,6,15,18,71.8,662,756,25,11,1,6,4,19,,21,9,5,,,,,,,,3,1,1,2,,2,1,,,,,,,
642,1190404,23,Newcastle United,6.74285714285714,30/12/2017,3,,12,12,31,45.3,292,411,36,5,1,4,2,28,3,11,11,1,,,1,,,,,,,,,,1,,1,,,,,,
643,1190404,211,Brighton,7.05083333333333,30/12/2017,6,2,10,13,28,54.7,396,505,21,5,2,2,3,31,,10,10,1,,,,,,,,1,,,1,,1,,2,,,,,,
644,1190362,23,Newcastle United,6.81153846153846,13/01/2018,4,3,6,22,38,42.5,278,371,18,7,2,1,4,26,1,12,11,4,1,,,1,,,,2,,,,,,,,,,,,,
645,1190362,259,Swansea,6.61285714285714,13/01/2018,5,,7,8,26,57.5,399,493,30,2,,1,5,38,,8,10,,,,1,1,,,,1,,,,1,2,,1,1,,,,,
646,1190438,23,Newcastle United,6.81214285714286,31/01/2018,7,,8,17,33,52.5,280,397,25,7,2,3,4,42,1,14,15,2,,,2,1,,,,3,,,,,1,,1,,,,1,,
647,1190438,184,Burnley,6.67857142857143,31/01/2018,4,1,5,18,42,47.5,241,364,33,6,,3,2,33,3,11,15,2,,,1,1,,,,1,,,,,,,,,,,,1,
648,1190348,162,Crystal Palace,6.91785714285714,28/12/2017,5,,13,26,20,34.8,249,336,34,9,1,5,2,23,4,16,12,4,1,1,,2,,,,,,,,,,,1,,,,,,
649,1190348,13,Arsenal,7.09538461538462,28/12/2017,4,4,13,21,23,65.2,553,654,22,3,3,4,9,20,,16,7,1,3,,1,3,,,,2,,,,,1,,,,,,,,
650,1190412,27,Watford,6.61071428571429,30/12/2017,1,2,8,21,17,51.1,413,501,22,4,3,1,4,27,1,9,14,2,1,,1,1,,,,,,,,,,,1,,,,,,
651,1190412,259,Swansea,6.81714285714286,30/12/2017,8,2,11,19,27,48.9,396,479,22,4,2,1,4,17,,9,13,,2,,,2,,,,1,,1,2,,,,,,,,,,1
652,1190374,175,West Bromwich Albion,7.13714285714286,13/01/2018,10,1,7,7,20,44.2,242,353,18,6,3,5,4,22,4,15,8,1,,,,2,,,,1,,,,,1,,,1,1,,,,
653,1190374,211,Brighton,6.32,13/01/2018,6,1,3,17,22,55.8,348,447,20,7,2,5,1,20,1,13,15,2,,,,,,,,4,,,,,,,,,,,,,
654,1190360,32,Manchester United,6.87153846153846,26/12/2017,12,1,10,11,21,71.3,534,638,24,7,,11,6,33,4,24,10,1,1,1,,2,,1,,2,,,,,2,,,,,,,,
655,1190360,184,Burnley,6.73692307692308,26/12/2017,2,,3,14,33,28.7,157,270,18,1,1,,2,21,,3,14,,1,,,2,,,,,,1,,,,,,,1,,,,1
656,1190406,96,Stoke,7.37785714285714,20/01/2018,3,,9,22,36,48.5,199,330,29,4,10,1,6,63,,11,18,1,,2,1,2,,,,3,,,,,2,1,,,,,,,
657,1190406,166,Huddersfield,6.24642857142857,20/01/2018,2,2,7,14,63,51.5,194,353,41,3,,,3,36,,6,13,3,,,1,,,,,,,,,,,,,,,,,,
658,1190176,15,Chelsea,6.39642857142857,12/08/2017,8,2,5,10,22,61.9,446,521,13,6,2,7,6,17,2,19,16,1,1,,,2,,,1,,,,2,1,,1,1,,,,,,
659,1190176,184,Burnley,7.05230769230769,12/08/2017,5,1,2,8,17,38.1,241,320,7,4,1,1,5,22,2,10,11,1,1,,,3,,1,,,1,1,,,,,,1,1,,,,
660,1190189,167,Manchester City,6.53642857142857,21/08/2017,7,2,13,12,12,65.4,461,560,29,9,,4,6,22,1,19,7,1,1,,2,1,,,,4,1,1,,,1,,2,,,,,,
661,1190189,31,Everton,6.50357142857143,21/08/2017,1,1,3,19,22,34.6,198,301,31,5,3,,2,12,3,7,9,1,,1,,1,,,,,,,1,,,,,,,,,,
662,1190228,167,Manchester City,7.24642857142857,21/10/2017,4,3,17,9,6,77.4,723,803,26,4,1,1,10,13,3,15,10,1,,3,,3,1,1,,,,,,,2,1,,,,,,,
663,1190228,184,Burnley,6.22142857142857,21/10/2017,5,,6,14,13,22.6,150,227,16,3,2,3,,6,,6,6,,,,,,,,,1,,,,,,,2,,,,,,
664,1190200,23,Newcastle United,6.93785714285714,16/09/2017,7,1,6,25,22,42.1,207,291,22,6,2,5,3,23,2,14,13,2,1,,,2,,,,1,,,,,,,1,,,,1,,
665,1190200,96,Stoke,6.60923076923077,16/09/2017,5,1,11,15,23,57.9,304,405,43,7,1,2,4,22,,13,11,2,1,,,1,,,,1,,,1,,,2,3,,,,,,
666,1190214,184,Burnley,6.99285714285714,10/09/2017,3,,7,18,17,35.3,160,254,24,2,8,,2,23,,4,7,2,,,1,1,,,1,,,,,,,,,,,,,,
667,1190214,162,Crystal Palace,6.59769230769231,10/09/2017,13,,24,12,23,64.7,342,450,33,6,1,13,4,17,3,23,14,2,,,2,,,,,1,,,,,1,1,,,,,,,
668,1190215,183,Bournemouth,6.58,26/08/2017,2,,10,20,23,29.8,152,258,19,3,,3,3,13,2,9,13,,,,1,1,,,,,1,1,,,1,,,1,,,,,
669,1190215,167,Manchester City,6.98714285714286,26/08/2017,5,4,13,13,13,70.2,524,604,35,7,3,4,8,23,,19,14,3,2,,,2,,,,1,1,1,1,,1,1,1,,,,,,
670,1190201,30,Tottenham,6.68214285714286,27/08/2017,10,1,10,9,27,67.3,503,588,14,6,1,17,5,15,,28,9,3,,1,1,1,,,,2,,,1,1,1,,,,,,,,
671,1190201,184,Burnley,6.89928571428571,27/08/2017,7,1,6,16,15,32.7,193,272,13,8,6,2,3,27,2,13,9,1,,1,,1,,,,4,,,,1,,,1,,,,,,
672,1190229,259,Swansea,6.71384615384615,10/09/2017,8,2,13,14,16,61.8,424,525,21,5,1,1,4,21,2,10,11,,,,2,,,,,3,,,,,,,,,,,,,
673,1190229,23,Newcastle United,7.04785714285714,10/09/2017,5,3,5,21,21,38.2,240,329,14,3,,5,8,16,,16,15,,,,,1,,1,,1,,,2,,3,,,,,,1,,
674,1190188,26,Liverpool,7.10428571428572,19/08/2017,4,4,13,24,13,72.4,603,712,23,5,2,5,13,20,1,23,12,,1,,3,1,,1,,2,,,1,,3,1,1,,,,,,
675,1190188,162,Crystal Palace,6.67428571428571,19/08/2017,2,,10,21,20,27.6,181,273,20,2,4,1,1,13,,4,13,,,,,,,,,1,,,1,,,1,,,,,,,
676,1190177,162,Crystal Palace,6.53615384615385,12/08/2017,12,2,18,24,16,56.7,304,391,19,7,,3,4,18,2,14,7,1,,,2,,,,,4,,,,,,,,,,,,,
677,1190177,166,Huddersfield,7.23357142857143,12/08/2017,9,1,5,28,18,43.3,199,306,30,3,2,,6,16,2,9,19,,,,1,3,,1,,1,,,,,1,,,1,1,,,,
678,1190361,259,Swansea,7.18714285714286,03/03/2018,4,3,10,18,17,45.3,331,440,26,1,,,8,28,,9,9,,1,1,,4,1,,2,1,,,,,1,,,,,,,,
679,1190361,29,West Ham,6.26076923076923,03/03/2018,5,,5,20,28,54.7,420,522,11,1,5,4,2,17,1,7,14,,1,,,1,,,,,,,,1,,,,,,,,,
680,1190407,259,Swansea,6.83642857142857,10/02/2018,5,,2,12,36,57.3,366,465,23,2,2,7,4,34,1,13,10,,1,,,1,,1,,1,,,,,2,,,,,,,,
681,1190407,184,Burnley,6.59928571428571,10/02/2018,2,,2,17,34,42.7,243,352,19,8,,4,1,36,3,13,9,1,,,,,,,,2,,,1,1,,,1,,,,,,
682,1190413,183,Bournemouth,6.87928571428571,17/03/2018,3,,6,19,19,60.6,441,544,27,4,1,8,5,18,,17,6,1,,1,1,2,,1,,2,,,,,1,,1,,1,,,,
683,1190413,175,West Bromwich Albion,6.59071428571429,17/03/2018,2,3,3,21,18,39.4,247,350,21,1,1,4,6,19,,11,9,,,1,1,1,,,,,,,1,,1,,,,,,,,
684,1190375,175,West Bromwich Albion,6.57714285714286,03/02/2018,5,,10,11,26,38.9,214,322,21,4,1,2,3,29,,9,12,2,,1,1,2,,,,,,,2,,,,,,,,1,,
685,1190375,18,Southampton,6.965,03/02/2018,7,,14,14,29,61.1,404,522,25,5,2,3,5,26,2,13,10,1,,1,1,3,,,,2,,,,,1,,,1,1,,,,
686,1190349,26,Liverpool,7.35214285714286,03/03/2018,8,,8,26,21,70.9,658,772,17,3,4,8,3,29,2,14,7,,,1,,2,,,,,,,,,,1,1,,,,1,,
687,1190349,23,Newcastle United,6.47071428571429,03/03/2018,3,,23,12,29,29.1,208,315,22,2,1,3,2,21,,7,9,1,,,1,,,,,1,,,,,,1,,,,,,,
688,1190371,27,Watford,7.30285714285714,05/02/2018,6,1,12,19,16,44.6,326,407,21,9,1,4,8,20,3,21,11,6,3,1,,4,1,1,,,,,,,1,1,,,,,,,
689,1190371,15,Chelsea,6.12307692307692,05/02/2018,2,,12,16,20,55.4,422,512,12,2,1,2,3,16,,7,8,,,1,1,1,,,,1,,,1,,1,,,,,,,,
690,1190417,184,Burnley,6.49153846153846,19/04/2018,3,,3,13,30,39.2,288,389,17,2,3,1,2,20,,5,9,1,1,,,1,,1,,,,,1,,,,,,,,,,
691,1190417,15,Chelsea,6.98307692307692,19/04/2018,2,2,11,8,20,60.8,514,609,21,5,1,6,5,30,1,16,11,1,,1,1,2,,1,,1,,,1,,,,1,,,,,,
692,1190403,96,Stoke,6.68714285714286,10/02/2018,7,,12,9,40,57.1,354,468,40,6,2,6,3,31,3,15,6,,1,,1,1,,,,2,,,1,,,1,,,,,,,
693,1190403,211,Brighton,7.15428571428571,10/02/2018,4,2,10,28,31,42.9,235,365,19,7,3,1,6,40,1,14,10,1,,1,,1,,1,,2,,,2,1,1,,1,,,,,1,
694,1190365,30,Tottenham,7.30928571428571,03/03/2018,8,3,18,10,16,74.5,701,806,29,3,4,5,7,13,1,15,6,2,,2,1,2,,,,,,,,,1,,,,,,,,
695,1190365,166,Huddersfield,6.39785714285714,03/03/2018,1,,7,29,13,25.5,169,267,15,,2,,3,16,,3,8,,,,2,,,1,,,,,,,,,,,,,,,
696,1190359,14,Leicester,6.61642857142857,03/02/2018,3,3,7,16,20,60.1,427,521,34,5,5,3,5,20,4,13,9,,,1,,1,,1,,1,,,,,,,,,,,,,
697,1190359,259,Swansea,6.715,03/02/2018,3,,11,14,20,39.9,248,340,26,1,,1,1,20,,3,8,1,,1,,1,,,,,,,,,,,,,,,,,
698,1190198,32,Manchester United,7.42428571428571,17/09/2017,4,3,9,14,8,49.2,403,476,18,5,2,4,7,14,1,16,15,2,1,2,,4,1,,,1,1,1,,,,,,,1,,,,
699,1190198,31,Everton,6.05357142857143,17/09/2017,1,2,4,22,14,50.8,415,510,19,2,3,2,3,8,2,7,14,,,,,,,1,,,,,,,,,,,,,,,
700,1190205,175,West Bromwich Albion,6.45928571428571,27/08/2017,10,,4,17,29,42.8,239,314,21,8,2,,2,13,3,10,10,3,1,,,1,,1,,,,1,1,,,,,,,,,,1
701,1190205,96,Stoke,6.88846153846154,27/08/2017,4,,10,20,13,57.2,380,438,19,9,,5,2,29,4,16,9,4,,1,,1,,,,1,,,,1,,,,,,,,,
702,1190211,211,Brighton,7.18,09/09/2017,2,3,3,17,24,48.6,363,448,16,3,1,3,6,15,,12,9,1,2,1,,3,,,,2,,,,,,,,,,,,,
703,1190211,175,West Bromwich Albion,6.415,09/09/2017,6,1,10,8,15,51.4,377,461,28,6,1,3,3,24,3,12,4,1,,,,1,,1,1,,,,,,,,2,,,,,,
704,1190239,183,Bournemouth,6.285,28/10/2017,5,,7,7,15,41.7,376,459,25,3,,3,1,12,,7,5,,,,,,,1,,2,,,,,,,1,,,,,,
705,1190239,15,Chelsea,6.99714285714286,28/10/2017,5,2,5,16,12,58.3,569,653,17,7,5,6,5,15,2,18,5,1,1,,,1,,,,2,,,1,,2,,1,,,,,,
706,1190238,29,West Ham,7.15428571428571,11/09/2017,10,,4,21,26,43.5,216,311,27,10,,6,3,34,2,19,11,3,,,1,2,,,1,1,,1,3,,,,,1,,,,,1
707,1190238,166,Huddersfield,6.38357142857143,11/09/2017,3,1,8,19,34,56.5,330,426,20,1,1,7,2,26,,10,14,,,,,,,,,1,,,,,1,,,,,,,,
708,1190210,13,Arsenal,7.24142857142857,25/09/2017,7,1,13,15,21,69.1,537,615,19,6,,4,6,24,1,16,8,2,,2,1,2,1,,,3,,,,1,,1,,,,,,,
709,1190210,175,West Bromwich Albion,6.33428571428571,25/09/2017,4,2,10,16,24,30.9,188,272,16,3,,1,3,21,1,7,17,1,,,1,,,,,,,,,,,,1,,,,,,
710,1190204,27,Watford,5.85357142857143,16/09/2017,3,,11,7,14,32.6,236,312,17,5,2,1,1,12,2,7,8,1,,,,,,,,1,,,,,,1,1,,,,,,
711,1190204,167,Manchester City,7.92785714285714,16/09/2017,11,2,13,19,12,67.4,576,637,15,10,,8,10,14,3,28,6,5,3,,,6,1,,1,1,,,1,1,,1,,1,1,,,,
712,1190199,23,Newcastle United,7.42928571428571,26/08/2017,7,3,8,14,16,37.5,169,271,19,6,,3,8,25,1,17,17,2,1,1,1,3,,,1,2,,,1,,1,,,,,,,,
713,1190199,29,West Ham,6.23285714285714,26/08/2017,5,2,8,17,25,62.5,358,473,32,5,2,,3,16,1,8,11,1,,,,,,1,,2,,,,,,,1,,,,,,
714,1190358,32,Manchester United,7.34142857142857,15/01/2018,6,4,9,15,14,60.3,542,604,13,6,4,5,9,9,2,20,14,,1,,1,3,,,,2,,,2,,1,,,1,1,,,,
715,1190358,96,Stoke,6.27714285714286,15/01/2018,1,3,6,16,9,39.7,326,395,13,5,,1,5,14,3,11,10,1,,,,,,,,,,,1,,2,,,,,,,,
716,1190402,18,Southampton,6.63285714285714,21/01/2018,2,2,10,21,16,41.1,237,343,21,5,2,1,4,10,1,10,8,2,,,,1,,,,1,,,1,,2,,,,,,,,
717,1190402,30,Tottenham,6.61071428571429,21/01/2018,9,1,7,16,10,58.9,407,491,24,10,1,5,2,16,1,17,15,7,,,,1,,,1,,,1,1,,,,,,,1,,,
718,1190364,23,Newcastle United,6.455,27/12/2017,3,,11,14,15,22,133,228,19,3,4,1,2,22,2,6,11,1,,,,,,,,,,,,1,,1,,,,,,,
719,1190364,167,Manchester City,7.11071428571429,27/12/2017,8,1,13,15,22,78,736,824,19,12,4,4,6,15,2,22,6,4,1,,1,1,,1,,2,,2,,,2,,2,,,2,,,
720,1190370,27,Watford,6.66571428571429,13/01/2018,5,,4,14,26,55.7,352,465,38,10,,2,4,28,1,16,11,6,,1,,2,,,1,1,,,1,1,,1,1,,,,,,
721,1190370,18,Southampton,6.71285714285714,13/01/2018,4,1,12,15,28,44.3,256,375,22,4,3,2,4,26,1,10,13,1,1,,,2,,1,1,1,,,,,,,1,,,,,,
722,1190416,175,West Bromwich Albion,6.59714285714286,31/12/2017,5,1,8,14,12,34.7,244,322,15,4,1,7,3,18,1,14,14,,,,,1,1,,1,1,,,2,,1,,,,,,,,
723,1190416,13,Arsenal,6.59,31/12/2017,6,1,10,12,18,65.3,544,647,18,5,2,5,4,12,3,14,9,1,,,1,1,,1,,1,,,,,1,,,,,,,,
724,1190366,30,Tottenham,7.64357142857143,13/01/2018,3,5,18,18,16,61.5,484,579,26,6,2,4,10,22,2,20,11,2,2,,1,4,,,2,1,1,1,,,,,,,,,,,
725,1190366,31,Everton,6.15,13/01/2018,3,,7,17,22,38.5,258,360,21,4,7,3,,16,1,7,15,1,,,,,,,,1,,,1,,,,,,,,,,
726,1190400,32,Manchester United,6.95307692307692,30/12/2017,10,2,13,14,13,54.5,427,500,18,5,1,7,3,23,1,15,12,1,,,1,,,,,2,,,,,,,1,,,,,,
727,1190400,18,Southampton,6.76285714285714,30/12/2017,7,1,11,19,23,45.5,329,423,16,4,2,1,3,13,2,8,13,1,,,1,,,,,1,,,,,1,,,,,,,,
728,1190414,29,West Ham,6.675,20/01/2018,6,1,12,13,17,47.8,281,386,30,6,5,2,4,20,1,12,8,3,,1,,1,,1,,1,,,1,,,1,,,,,,,
729,1190414,183,Bournemouth,6.72230769230769,20/01/2018,3,,10,15,20,52.2,335,434,22,5,5,,3,17,,8,7,3,1,,1,1,,,,,,,1,,1,,1,,,,,,
730,1190372,27,Watford,6.90642857142857,26/12/2017,8,,13,20,30,49.8,234,355,28,7,4,3,1,22,3,11,7,2,,1,,2,,,,1,1,1,,,,,,,,,,,
731,1190372,14,Leicester,6.53214285714286,26/12/2017,8,2,15,15,22,50.2,244,359,43,3,6,3,5,30,3,11,13,,,,1,1,,1,,,,,,,,,,,1,,,,
732,1190428,184,Burnley,6.67538461538462,01/01/2018,3,,6,13,23,42.1,266,377,18,6,1,3,4,30,2,13,4,2,,1,2,1,,,,,,,,,,1,2,,,,,,
733,1190428,26,Liverpool,6.87928571428571,01/01/2018,9,,7,14,30,57.9,410,511,26,7,2,7,5,23,,19,12,2,1,,1,2,,,,2,,,3,1,1,,,,1,,,,
734,1190399,18,Southampton,6.35142857142857,11/02/2018,3,2,15,15,20,52.2,427,545,26,2,5,,4,21,2,6,5,,,,,,,,,,,,,1,1,,,,,,,,
735,1190399,26,Liverpool,7.12571428571429,11/02/2018,1,,11,14,21,47.8,399,510,28,8,,4,4,20,3,16,8,2,1,1,2,2,,,,1,,,1,,,,1,,,,,,
736,1190212,29,West Ham,7.305,31/03/2018,5,,9,19,16,48.1,261,374,38,4,1,3,5,20,,12,9,2,,2,,3,,1,,1,,1,,,1,,,1,,,,,1
737,1190212,18,Southampton,6.10928571428571,31/03/2018,9,,12,17,20,51.9,293,404,22,5,,4,,16,1,9,16,4,,,,,,,,,,,,,,,,,,,,,
738,1190206,259,Swansea,6.05571428571429,19/08/2017,3,,5,21,11,41,315,406,23,5,1,,,19,2,5,12,,,,,,,,,1,,1,,,,,1,,,,,,1
739,1190206,32,Manchester United,7.535,19/08/2017,5,3,13,16,19,59,523,601,13,6,,3,8,11,1,17,11,3,,2,,4,,1,2,,,1,,,,,1,,,,,,1
740,1190548,15,Chelsea,7.19642857142857,16/12/2017,8,2,28,13,12,53.6,467,545,28,8,3,8,8,9,3,24,8,3,1,,1,1,,2,,1,,,,1,,1,1,,,,,,
741,1190548,18,Southampton,6.56714285714286,16/12/2017,4,1,7,20,9,46.4,386,474,17,2,2,2,2,12,,6,16,1,,,,,,,,,,,1,,1,,,,,,,,
742,1190549,31,Everton,6.92285714285714,18/12/2017,6,1,9,17,16,51.1,349,445,25,3,1,2,7,17,1,12,12,1,1,,,3,1,,1,1,,,,,3,,,1,,,,,
743,1190549,259,Swansea,6.34142857142857,18/12/2017,3,1,8,14,17,48.9,332,431,29,4,,1,3,16,2,8,12,,,,,1,,,1,1,,,,,1,,1,,,,,1,
744,1190207,175,West Bromwich Albion,6.59357142857143,16/09/2017,2,,9,7,15,36.8,212,290,17,3,3,2,1,6,1,6,15,1,,,1,,,,,1,,,,,,,,,,,,,
745,1190207,29,West Ham,6.61428571428571,16/09/2017,3,1,5,11,6,63.2,414,487,22,5,2,3,1,15,1,9,7,1,,,,,,,,2,,1,,,,,,,,,,,1
746,1190213,211,Brighton,7.2775,24/09/2017,2,1,6,16,21,48.8,339,438,25,2,1,2,3,33,1,7,6,,,,1,1,,,,,,,,,,,1,,,,1,,
747,1190213,23,Newcastle United,6.54714285714286,24/09/2017,8,1,11,14,33,51.2,365,458,28,7,,5,5,21,2,17,8,3,,,3,,,,,2,,,,,1,,,,,,,,
748,1190398,167,Manchester City,7.38846153846154,20/01/2018,18,3,22,23,16,80.5,723,799,22,10,4,2,9,17,3,21,5,5,1,2,,3,1,1,,2,,,,,2,,,,,,,,
749,1190398,23,Newcastle United,6.48142857142857,20/01/2018,,2,10,18,17,19.5,114,193,16,1,2,1,4,16,,6,10,,1,,,1,,1,,,,,1,,,,,,,,,,
750,1190429,26,Liverpool,7.465,17/03/2018,6,2,14,18,20,58,476,581,26,1,6,2,10,18,1,13,5,,2,1,,5,,1,1,,,,,,1,1,,1,,,,,
751,1190429,27,Watford,6.15357142857143,17/03/2018,1,,8,30,18,42,304,420,23,2,3,1,1,20,1,4,4,,,,,,,1,,,,1,,,,,,,,,,,1
752,1190415,29,West Ham,7.39357142857143,10/02/2018,8,2,21,21,32,36.2,150,246,24,2,3,2,4,31,2,8,11,,1,1,,2,,,,,,,,,,,,,,,,,
753,1190415,27,Watford,6.53642857142857,10/02/2018,7,2,12,16,31,63.8,323,442,27,3,1,4,4,32,,11,7,1,,,2,,,,,2,,,,,,,,,,,,,
754,1190373,13,Arsenal,7.47142857142857,11/03/2018,4,2,8,21,17,59.7,417,502,17,4,5,,7,22,,11,12,2,1,,1,3,,1,2,,,,2,,,,,,,,,1,
755,1190373,27,Watford,6.17071428571429,11/03/2018,9,1,7,13,22,40.3,245,324,28,5,3,2,4,17,2,11,9,1,,,,,,,,,,,1,,3,,1,,,,,,
756,1190367,32,Manchester United,7.31928571428571,03/02/2018,5,3,27,15,18,74.3,697,786,23,4,4,5,7,14,2,16,5,1,1,,1,2,,,1,,,,1,,,1,,,,,,,
757,1190367,166,Huddersfield,6.40857142857143,03/02/2018,2,,4,22,14,25.7,190,265,8,1,,3,,18,,4,19,1,,,,,,,,,,,,,,,,,,,,1,
758,1190401,96,Stoke,6.31076923076923,12/03/2018,3,,9,19,16,22.9,165,245,25,1,2,2,,13,,3,6,,,,,,,,,1,,,,,,,,,,,,,
759,1190401,167,Manchester City,7.23769230769231,12/03/2018,10,1,10,16,13,77.1,762,847,20,8,4,3,6,16,3,17,8,3,1,1,,2,,,,1,,,1,1,2,,,,,,,,
