,match_id,team_id,team_name,team_rating,goals,W/L/T,date,fk_foul_lost,won_contest,possession_percentage,total_throws,att_miss_high_left,blocked_scoring_att,total_scoring_att,att_sv_low_left,total_tackle,att_miss_high_right,aerial_won,att_miss_right,att_sv_low_centre,att_miss_high,aerial_lost,att_sv_low_right,total_pass,won_corners,shot_off_target,ontarget_scoring_att,att_miss_left,att_goal_low_left,total_offside,att_sv_high_centre,accurate_pass,att_goal_high_left,att_goal_low_centre,att_goal_high_centre,att_post_left,post_scoring_att,att_sv_high_left,att_sv_high_right,att_goal_high_right,att_goal_low_right,att_post_right,att_post_high,att_pen_goal,penalty_save
0,1190174,13,Arsenal,7.307142857,4,W,11/8/17,9,16,70,21,1,8,27,1,23,2,18,3,2,1,18,2,632,9,9,10,2,2,5,1,538,1,1,,,,,,,,,,,
1,1190174,14,Leicester,6.646428571,3,L,11/8/17,12,5,30,31,,,6,,17,,18,1,,1,18,,263,4,3,3,1,1,3,,167,,,2,,,,,,,,,,
2,1190175,211,Brighton,6.308571429,,L,12/8/17,6,7,21.8,18,,2,6,,10,,13,1,1,,13,,213,3,2,2,1,,6,1,130,,,,,,,,,,,,,
3,1190175,167,Manchester City,6.902857143,2,W,12/8/17,9,6,78.2,17,,5,14,,10,2,13,2,2,,13,1,768,10,5,4,,1,1,,691,,,,1,1,,,,,,,,
4,1190176,15,Chelsea,6.396428571,2,L,12/8/17,16,5,61.9,13,1,7,19,,10,2,17,1,2,,22,,521,8,6,6,2,1,2,,446,,1,,,,1,1,,,,,,
5,1190176,184,Burnley,7.052307692,3,W,12/8/17,11,2,38.1,7,,1,10,,8,,22,1,1,,17,,320,5,4,5,2,1,1,1,241,1,,,1,1,,,1,,,,,
6,1190177,162,Crystal Palace,6.536153846,,L,12/8/17,7,18,56.7,19,,3,14,2,24,,18,1,2,4,16,,391,12,7,4,2,,,,304,,,,,,,,,,,,,
7,1190177,166,Huddersfield,7.233571429,3,W,12/8/17,19,5,43.3,30,,,9,1,28,,16,,1,1,18,1,306,9,3,6,2,,2,1,199,1,,,,,,,1,,,,,
8,1190178,31,Everton,6.993571429,1,W,12/8/17,13,1,61.6,24,,2,9,1,17,1,19,,1,,25,,497,6,3,4,2,,2,1,392,,,1,,,,,,,,,,
9,1190178,96,Stoke,6.606153846,,L,12/8/17,10,10,38.4,27,,2,9,,18,,25,2,,1,19,1,292,7,6,1,3,,6,,211,,,,,,,,,,,,,
10,1190179,32,Manchester United,7.677857143,4,W,13/08/2017,19,23,55.4,21,,8,21,,14,1,23,1,1,3,13,,493,11,8,5,2,,1,,417,,1,,,1,,,,3,1,,,
11,1190179,29,West Ham,6.077857143,,L,13/08/2017,7,3,44.6,13,,2,9,,21,1,13,1,,2,23,,397,1,6,1,1,,4,1,316,,,,,1,,,,,,1,,
12,1190180,23,Newcastle United,6.281428571,,L,13/08/2017,6,4,26.9,26,1,,6,,12,,16,,1,1,15,1,245,5,4,2,2,,2,,157,,,,,,,,,,,,,
13,1190180,30,Tottenham,7.217857143,2,W,13/08/2017,10,10,73.1,26,,7,18,,16,,15,3,3,,16,1,702,7,5,6,1,,1,,628,,2,,1,1,,,,,,,,
14,1190181,18,Southampton,6.833571429,,T,12/8/17,10,6,59.6,26,2,11,29,,12,,17,6,,3,18,,518,13,16,2,4,,,,432,,,,,1,1,1,,,,1,,
15,1190181,259,Swansea,6.668571429,,T,12/8/17,13,4,40.4,15,,2,4,,11,,18,1,,,17,,365,,2,,1,,1,,284,,,,,,,,,,,,,
16,1190182,27,Watford,6.691428571,3,T,12/8/17,14,11,45.6,26,,1,9,,19,,22,3,,,25,,395,3,4,4,1,1,3,1,277,,1,,,,,,1,,,,,
17,1190182,26,Liverpool,6.78,3,T,12/8/17,8,6,54.4,27,,1,14,,20,,25,4,1,2,22,,477,3,8,5,1,1,1,,352,,,,,1,1,,1,1,,1,1,
18,1190183,175,West Bromwich Albion,7.028571429,1,W,12/8/17,15,1,28.7,30,1,1,16,1,19,1,12,1,1,3,18,3,242,8,9,6,3,1,2,,157,,,,,,,,,,,,,
19,1190183,183,Bournemouth,6.503571429,,L,12/8/17,3,5,71.3,14,2,5,9,,16,,18,,,,12,1,612,2,2,2,,,,1,527,,,,,,,,,,,,,
20,1190184,183,Bournemouth,6.330714286,,L,19/08/2017,6,6,55.8,21,,3,6,,11,,16,,1,1,17,,438,8,1,2,,,1,,338,,,,,,,1,,,,,,
21,1190184,27,Watford,7.207142857,2,W,19/08/2017,14,9,44.2,26,1,5,19,1,20,1,17,2,3,1,16,1,338,5,7,7,2,1,7,,265,,,,,,,,,1,,,,
22,1190185,184,Burnley,6.468461538,,L,19/08/2017,11,9,67.8,22,,5,20,,9,2,24,3,,5,20,,471,6,15,,5,,1,,374,,,,,,,,,,,,,
23,1190185,175,West Bromwich Albion,6.749230769,1,W,19/08/2017,11,6,32.2,29,1,2,8,,9,2,20,1,,,24,,228,5,5,1,1,,3,,127,,,,,,,,,1,,,,
24,1190186,166,Huddersfield,7.050714286,1,W,20/08/2017,13,5,52.7,23,,1,7,1,24,1,24,,,1,12,,456,7,3,3,1,,4,1,353,,,,,,,,1,,,,,
25,1190186,23,Newcastle United,6.421428571,,L,20/08/2017,10,9,47.3,29,1,5,13,1,18,,12,1,1,1,24,2,415,3,3,5,,,5,1,296,,,,,,,,,,,,,
26,1190187,14,Leicester,7.075384615,2,W,19/08/2017,8,8,45.2,17,,6,14,2,11,,17,2,,1,16,,427,6,4,4,1,1,1,,332,1,,,,,,,,,,,,
27,1190187,211,Brighton,6.187692308,,L,19/08/2017,10,5,54.8,22,,3,5,1,11,,16,,,,17,,526,2,,2,,,2,,435,,,,,,,1,,,,,,
28,1190188,26,Liverpool,7.104285714,1,W,19/08/2017,12,13,72.4,23,1,5,23,3,24,1,20,,4,2,13,3,712,4,5,13,1,1,2,1,603,,,,,,1,,,,,,,
29,1190188,162,Crystal Palace,6.674285714,,L,19/08/2017,13,10,27.6,20,,1,4,,21,1,13,,,1,20,,273,2,2,1,,,4,,181,,,,,,1,,,,,,,
30,1190189,167,Manchester City,6.536428571,1,T,21/08/2017,7,13,65.4,29,2,4,19,2,12,,22,1,2,4,12,1,560,7,9,6,1,1,,,461,,,,1,1,,,,,,,,
31,1190189,31,Everton,6.503571429,1,T,21/08/2017,9,3,34.6,31,,,7,,19,1,12,1,1,,22,,301,1,5,2,3,,3,,198,,,,,,,,,1,,,,
32,1190190,96,Stoke,7.077142857,1,W,19/08/2017,6,7,22.9,13,1,2,11,,19,1,18,3,1,,9,,213,2,5,4,,,4,1,137,,,,,,,1,,1,,,,
33,1190190,13,Arsenal,6.607857143,,L,19/08/2017,11,16,77.1,21,,6,18,1,15,1,9,1,3,2,18,1,731,9,6,6,2,,3,1,639,,,,,,,,,,,,,
34,1190191,15,Chelsea,6.738571429,,T,17/09/2017,11,14,50.6,26,1,6,13,,13,1,17,,2,,20,1,532,5,3,4,1,,4,1,416,,,,,,,,,,,,,
35,1190191,13,Arsenal,6.837857143,,T,17/09/2017,15,6,49.4,15,1,4,11,,19,1,20,1,2,,17,,520,1,5,2,1,,2,,411,,,,,1,,,,,1,,,
36,1190192,162,Crystal Palace,6.507692308,,L,16/09/2017,14,10,45.6,17,2,2,14,,15,1,20,1,3,,20,,410,5,9,3,5,,,,311,,,,,,,,,,,,,
37,1190192,18,Southampton,6.988571429,1,W,16/09/2017,13,8,54.4,17,1,5,13,1,15,,20,1,,,20,1,503,5,4,4,2,1,1,1,404,,,,,,,,,,,,,
38,1190193,166,Huddersfield,6.900714286,,T,26/08/2017,10,8,44.7,27,,6,16,1,17,1,25,,5,2,18,,378,5,4,6,1,,,,265,,,,,,,,,,,,,
39,1190193,18,Southampton,6.763571429,,T,26/08/2017,10,9,55.3,28,,,6,,16,,18,3,1,,25,1,502,4,3,3,,,3,,382,,,,,,,1,,,,,,
40,1190194,166,Huddersfield,6.647857143,1,T,16/09/2017,6,8,59.8,33,,6,15,,16,,24,3,1,,27,,486,8,6,3,3,1,3,1,383,,,,,,,,,,,,,
41,1190194,14,Leicester,6.652142857,1,T,16/09/2017,6,13,40.2,35,1,5,10,,8,,27,1,,1,24,,344,4,4,1,1,,1,,247,,1,,,,,,,,,,1,
42,1190195,26,Liverpool,7.535,4,W,27/08/2017,6,15,48.6,17,1,3,18,1,19,,11,2,4,,14,,507,4,5,10,2,1,3,,411,1,,,,,1,,,2,,,,
43,1190195,13,Arsenal,6.031428571,,L,27/08/2017,9,9,51.4,18,1,2,8,,13,1,14,1,,1,11,,539,3,6,,2,,5,,438,,,,,,,,,,,,,
44,1190196,26,Liverpool,6.937692308,1,T,16/09/2017,7,14,71.3,29,2,12,35,2,6,1,8,3,3,4,15,3,676,12,14,9,3,1,1,,581,,,,,1,,,,,,1,,
45,1190196,184,Burnley,6.647857143,1,T,16/09/2017,9,3,28.7,10,,,5,1,11,,15,1,,,8,1,277,2,1,4,,1,5,,183,,,,,,,1,,,,,,
46,1190197,32,Manchester United,7.265,2,W,26/08/2017,8,17,69.1,19,,8,22,4,9,1,22,1,,2,24,1,662,9,7,7,3,,2,,576,,1,1,,,,,,,,,,
47,1190197,14,Leicester,6.681428571,,L,26/08/2017,7,10,30.9,14,,2,11,2,22,,24,3,1,,22,1,300,3,5,4,2,,3,,208,,,,,,,,,,,,,1
48,1190198,32,Manchester United,7.424285714,4,W,17/09/2017,15,9,49.2,18,,4,16,,14,,14,2,3,1,8,,476,4,5,7,1,1,2,,403,1,,,1,1,,,,2,,,1,
49,1190198,31,Everton,6.053571429,,L,17/09/2017,14,4,50.8,19,,2,7,,22,,8,,2,,14,,510,1,2,3,2,,3,1,415,,,,,,,,,,,,,
50,1190199,23,Newcastle United,7.429285714,3,W,26/08/2017,17,8,37.5,19,,3,17,1,14,1,25,2,3,2,16,1,271,7,6,8,1,1,,,169,,1,,,,,,,1,,,,
51,1190199,29,West Ham,6.232857143,,L,26/08/2017,11,8,62.5,32,1,,8,,17,,16,1,2,2,25,,473,5,5,3,1,,2,1,358,,,,,,,,,,,,,
52,1190200,23,Newcastle United,6.937857143,2,W,16/09/2017,13,6,42.1,22,1,5,14,,25,,23,2,1,1,22,,291,7,6,3,2,1,2,,207,,,1,,,,,,,,,,
53,1190200,96,Stoke,6.609230769,1,L,16/09/2017,11,11,57.9,43,3,2,13,,15,1,22,2,1,1,23,,405,5,7,4,,1,1,,304,,,,,,2,,,,,,,
54,1190201,30,Tottenham,6.682142857,1,T,27/08/2017,9,10,67.3,14,,17,28,1,9,1,15,3,1,2,27,1,588,10,6,5,,,1,,503,,,,,,,1,,1,,,,
55,1190201,184,Burnley,6.899285714,1,T,27/08/2017,9,6,32.7,13,1,2,13,,16,,27,1,1,4,15,,272,7,8,3,2,,6,,193,,,,,,,1,,1,,,,
56,1190202,30,Tottenham,6.872307692,,T,16/09/2017,11,7,74.9,27,,4,26,2,14,,17,1,1,8,13,3,757,11,14,8,4,,,1,674,,,,,1,1,,,,,1,,
57,1190202,259,Swansea,6.842142857,,T,16/09/2017,9,10,25.1,7,1,,4,,17,,13,2,,1,17,,257,1,4,,,,,,164,,,,,,,,,,,,,
58,1190203,27,Watford,6.688571429,,T,26/08/2017,7,8,42.2,29,,3,8,,10,,20,,,3,20,,334,3,5,,2,,,,244,,,,,,,,,,,,,
59,1190203,211,Brighton,6.727142857,,T,26/08/2017,18,5,57.8,15,1,6,16,,12,,20,5,1,,20,1,433,11,8,2,1,,5,,359,,,,1,1,,,,,,,,
60,1190204,27,Watford,5.853571429,,L,16/09/2017,8,11,32.6,17,1,1,7,,7,,12,1,,1,14,,312,3,5,1,2,,2,,236,,,,,,1,,,,,,,
61,1190204,167,Manchester City,7.927857143,6,W,16/09/2017,6,13,67.4,15,,8,28,,19,1,14,5,2,1,12,,637,11,10,10,3,3,,,576,1,1,,,,1,1,1,,,,1,
62,1190205,175,West Bromwich Albion,6.459285714,1,T,27/08/2017,10,4,42.8,21,,,10,,17,1,13,3,,,29,,314,10,8,2,3,1,2,1,239,,,,,1,,,,,,1,,
63,1190205,96,Stoke,6.888461538,1,T,27/08/2017,9,10,57.2,19,,5,16,,20,,29,4,,1,13,,438,4,9,2,4,,,,380,,,,,,,1,,1,,,,
64,1190206,259,Swansea,6.055714286,,L,19/08/2017,12,5,41,23,1,,5,,21,,19,,,1,11,,406,3,5,,2,,1,,315,,,,,1,,,,,,1,,
65,1190206,32,Manchester United,7.535,4,W,19/08/2017,11,13,59,13,1,3,17,,16,,11,3,3,,19,,601,5,6,8,1,,,1,523,,2,,,1,,,,2,,1,,
66,1190207,175,West Bromwich Albion,6.593571429,,T,16/09/2017,15,9,36.8,17,,2,6,1,7,,6,1,,1,15,,290,2,3,1,1,,3,,212,,,,,,,,,,,,,
67,1190207,29,West Ham,6.614285714,,T,16/09/2017,7,5,63.2,22,,3,9,,11,,15,1,1,2,6,,487,3,5,1,1,,2,,414,,,,,1,,,,,,1,,
68,1190208,13,Arsenal,7.411428571,3,W,9/9/17,14,8,58.4,26,1,4,17,3,16,,18,1,1,1,18,2,583,10,4,9,1,1,4,,464,,,,,,,,1,1,,,,
69,1190208,183,Bournemouth,6.302142857,,L,9/9/17,10,7,41.6,27,,,7,1,11,1,18,2,,,18,,401,3,5,2,1,,,,291,,,,,1,,1,,,1,,,
70,1190209,30,Tottenham,6.416428571,1,L,20/08/2017,14,16,67.7,25,,6,18,1,14,1,12,2,2,,16,,592,14,6,6,2,,,1,501,,,,,1,,2,,,1,,,
71,1190209,15,Chelsea,7.053076923,2,W,20/08/2017,21,9,32.3,8,1,3,9,,31,,16,1,,1,12,,280,4,4,2,,,,,195,,,,1,1,,,1,1,,,,
72,1190210,13,Arsenal,7.241428571,2,W,25/09/2017,8,13,69.1,19,,4,16,1,15,,24,2,1,3,21,,615,7,6,6,1,,,,537,,,,,,1,1,,2,,,1,
73,1190210,175,West Bromwich Albion,6.334285714,,L,25/09/2017,17,10,30.9,16,1,1,7,1,16,,21,1,2,,24,,272,4,3,3,1,,,,188,,,,,,,,,,,,,
74,1190211,211,Brighton,7.18,3,W,9/9/17,9,3,48.6,16,,3,12,,17,,15,1,3,2,24,,448,2,3,6,,2,1,,363,,,,,,,,,1,,,,
75,1190211,175,West Bromwich Albion,6.415,1,L,9/9/17,4,10,51.4,28,2,3,12,,8,,24,1,1,,15,,461,6,6,3,3,,1,1,377,,1,,,,,,,,,,,
76,1190213,211,Brighton,7.2775,1,W,24/09/2017,6,6,48.8,25,1,2,7,1,16,,33,,1,,21,,438,2,2,3,1,,1,,339,,,1,,,,,,,,,,
77,1190213,23,Newcastle United,6.547142857,,L,24/09/2017,8,11,51.2,28,,5,17,3,14,,21,3,1,2,33,1,458,8,7,5,2,,,,365,,,,,,,,,,,,,
78,1190214,184,Burnley,6.992857143,1,W,10/9/17,7,7,35.3,24,,,4,1,18,,23,2,,,17,,254,3,2,2,,,8,,160,,1,,,,,,,,,,,
79,1190214,162,Crystal Palace,6.597692308,,L,10/9/17,14,24,64.7,33,,13,23,2,12,,17,2,,1,23,1,450,13,6,4,3,,1,,342,,,,,,1,,,,,,,
80,1190215,183,Bournemouth,6.58,1,L,26/08/2017,13,10,29.8,19,,3,9,1,20,,13,,,,23,1,258,2,3,3,2,,,,152,,,,1,1,,,1,,,,,
81,1190215,167,Manchester City,6.987142857,2,W,26/08/2017,14,13,70.2,35,1,4,19,,13,1,23,3,4,1,13,1,604,5,7,8,,2,3,,524,,,,1,1,1,,,,,,,
82,1190216,184,Burnley,6.763076923,,T,23/09/2017,9,7,52,31,,1,4,,15,,26,1,2,,22,,456,3,1,2,,,5,,333,,,,,,,,,,,,,
83,1190216,166,Huddersfield,6.846428571,,T,23/09/2017,14,6,48,31,,2,9,,25,2,22,1,,1,26,2,417,4,5,2,1,,3,,316,,,,,,,,,,,,,
84,1190217,31,Everton,6.232857143,,L,9/9/17,14,6,50.7,19,1,6,12,,17,,12,2,,1,15,,464,7,5,1,1,,4,,375,,,,,,,1,,,,,,
85,1190217,30,Tottenham,7.310714286,3,W,9/9/17,14,10,49.3,22,,3,15,,13,2,15,1,2,1,12,1,458,3,6,6,2,,3,,367,,,2,,,,,,1,,,,
86,1190218,15,Chelsea,7.110714286,2,W,27/08/2017,12,11,56.7,26,,7,18,,14,,16,2,4,1,10,1,583,6,4,7,1,1,,,500,1,,,,,,,,,,,,
87,1190218,31,Everton,6.365714286,,L,27/08/2017,7,7,43.3,20,,2,7,,17,,10,3,,1,16,,437,3,5,,1,,,,355,,,,,,,,,,,,,
88,1190219,31,Everton,6.855,2,W,23/09/2017,12,3,50.6,25,,4,12,,19,,15,2,,1,14,1,426,4,5,3,2,1,3,,334,,,,,,,,1,,,,,
89,1190219,183,Bournemouth,6.505714286,1,L,23/09/2017,11,10,49.4,20,,2,8,1,13,,14,1,1,1,15,1,415,6,2,4,,1,1,,321,,,,,,,,,,,,,
90,1190220,14,Leicester,6.503571429,1,L,9/9/17,11,7,40.4,23,,3,8,1,18,,12,1,,,7,,347,2,3,2,2,,1,,259,,1,,,,,,,,,,1,
91,1190220,15,Chelsea,6.937857143,2,W,9/9/17,8,11,59.6,17,1,5,16,,20,1,7,1,3,1,12,1,521,9,5,6,1,2,3,,434,,,,,,,,,,,,,
92,1190221,162,Crystal Palace,6.272142857,,L,26/08/2017,9,7,53.1,27,,1,16,1,16,1,21,3,1,3,18,1,504,1,12,3,5,,,,416,,,,,,,,,,,,,
93,1190221,259,Swansea,7.08,2,W,26/08/2017,6,4,46.9,20,,2,7,,20,,18,1,1,,21,,464,1,2,3,1,1,3,,369,,,,,,,,,1,,,,
94,1190222,14,Leicester,6.558571429,2,L,23/09/2017,13,10,43.3,41,,3,12,,15,,24,1,,1,30,2,360,3,2,7,,1,4,3,237,,1,,,,,,,,,,,
95,1190222,26,Liverpool,7.141428571,3,W,23/09/2017,14,12,56.7,25,,8,23,1,14,1,30,4,1,3,24,1,486,6,9,6,,2,1,,352,,,,1,1,,,1,,,,,1
96,1190223,167,Manchester City,7.666428571,5,W,9/9/17,10,4,66.1,21,1,,13,1,14,1,9,,2,,4,2,730,8,3,10,1,2,5,,658,1,2,,,,,,,,,,,
97,1190223,26,Liverpool,5.996428571,,L,9/9/17,9,10,33.9,17,,2,7,2,15,,4,1,1,,9,,372,3,2,3,1,,2,,288,,,,,,,,,,,,,
98,1190224,31,Everton,6.292857143,2,L,22/10/2017,14,6,32.4,16,,2,9,,8,1,18,,1,2,13,,287,,4,3,1,,2,,199,1,1,,,,,,,,,,,
99,1190224,13,Arsenal,7.285384615,5,W,22/10/2017,14,11,67.6,30,,8,30,2,12,1,13,4,2,,18,4,616,7,8,14,2,3,1,1,516,,,1,,1,,,,1,,1,,
100,1190225,18,Southampton,6.265714286,,L,9/9/17,8,6,52.7,32,1,5,9,,19,,19,1,,,23,,423,7,3,1,1,,2,,304,,,,,,,1,,,,,,
101,1190225,27,Watford,7.271428571,2,W,9/9/17,11,10,47.3,26,1,4,12,,19,1,23,1,1,,19,,384,4,5,3,2,1,1,,276,,,,,,,,,1,,,,
102,1190226,166,Huddersfield,6.882857143,2,W,21/10/2017,10,11,22.1,13,,2,5,,27,,15,,1,,15,,210,4,,3,,,2,,116,,1,,,,,,,1,,,,
103,1190226,32,Manchester United,6.422142857,1,L,21/10/2017,12,13,77.9,28,,3,9,,13,,15,1,1,,15,1,741,7,3,3,2,1,3,,643,,,,,,,,,,,,,
104,1190227,96,Stoke,6.943076923,2,T,9/9/17,10,9,36.8,13,,1,10,,19,,13,,,1,16,1,332,5,4,5,3,,1,1,252,1,,1,,,,1,,,,,,
105,1190227,32,Manchester United,6.747857143,2,T,9/9/17,10,10,63.2,24,1,5,18,,9,,16,,4,3,13,1,564,11,5,8,1,,4,1,490,,,1,,,,,,1,,,,
106,1190228,167,Manchester City,7.246428571,3,W,21/10/2017,10,17,77.4,26,,1,15,,9,,13,1,3,,6,2,803,4,4,10,3,,1,1,723,,,,,,1,,,3,,,1,
107,1190228,184,Burnley,6.221428571,,L,21/10/2017,6,6,22.6,16,2,3,6,,14,,6,,,1,13,,227,5,3,,,,2,,150,,,,,,,,,,,,,
108,1190229,259,Swansea,6.713846154,,L,10/9/17,11,13,61.8,21,,1,10,2,14,,21,,2,3,16,,525,8,5,4,2,,1,,424,,,,,,,,,,,,,
109,1190229,23,Newcastle United,7.047857143,1,W,10/9/17,15,5,38.2,14,,5,16,,21,2,16,,3,1,21,3,329,5,3,8,,,,1,240,,,1,,,,,,,,,,
110,1190230,23,Newcastle United,6.777142857,1,W,21/10/2017,12,5,55.3,22,,3,7,,16,,23,,,,27,1,453,3,1,3,1,,,,361,,,1,,,,1,,,,,,
111,1190230,162,Crystal Palace,6.63,,L,21/10/2017,14,13,44.7,31,,3,10,,16,,27,2,,1,23,,365,5,7,,4,,1,,261,,,,,,,,,,,,,
112,1190231,18,Southampton,7.211428571,1,W,21/10/2017,10,17,65.7,16,,3,20,1,21,2,20,3,4,3,20,,589,8,11,6,2,,2,,492,,,,,1,,,,1,1,,,
113,1190231,175,West Bromwich Albion,6.421428571,,L,21/10/2017,8,1,34.3,16,,1,7,,10,1,21,1,,,19,1,307,3,4,2,2,,1,,206,,,,,,,1,,,,,,
114,1190232,96,Stoke,6.455384615,1,L,21/10/2017,17,10,52.3,30,,2,11,,11,1,23,1,,,20,1,407,8,6,3,4,,4,1,287,,,1,,,,,,,,,,
115,1190232,183,Bournemouth,6.793571429,2,W,21/10/2017,10,6,47.7,23,,1,7,,17,,20,2,1,,23,,391,3,3,3,1,1,1,,282,,1,,,,,,,,,,1,
116,1190233,259,Swansea,6.565714286,1,L,21/10/2017,6,5,55.8,31,2,7,19,,17,2,18,,1,2,20,1,463,7,8,4,2,,,,379,,,,,,,1,,1,,,,
117,1190233,14,Leicester,7.072307692,2,W,21/10/2017,9,13,44.2,22,,2,11,,23,,20,1,1,1,18,2,381,6,3,6,1,,3,1,276,,1,,,,1,,,,,,,
118,1190234,30,Tottenham,7.23,4,W,22/10/2017,2,6,36.2,24,,3,14,,22,,10,1,,1,8,2,359,3,5,6,2,2,1,,274,,1,,,1,,,,1,,1,,
119,1190234,26,Liverpool,6.216428571,1,L,22/10/2017,8,10,63.8,32,,4,12,1,26,1,8,,3,,10,,629,5,1,7,,1,2,1,545,,,,,,1,,,,,,,
120,1190235,29,West Ham,6.137692308,,L,20/10/2017,5,8,65,25,,9,16,,15,,15,2,2,2,22,,604,10,5,2,1,,3,,506,,,,,,,,,,,,,
121,1190235,211,Brighton,7.273571429,3,W,20/10/2017,13,5,35,17,,1,7,,10,,22,,1,1,15,1,337,3,1,5,,1,1,,251,,1,,,,,,1,,,,1,
122,1190236,13,Arsenal,6.909230769,2,W,28/10/2017,9,3,72.9,23,1,4,17,,16,1,17,2,1,,8,1,805,5,8,5,3,1,2,1,701,,,,,1,,,,1,,1,,
123,1190236,259,Swansea,6.494285714,1,L,28/10/2017,9,4,27.1,17,,,4,,14,,8,,1,,17,,300,2,2,2,2,,1,,218,,1,,,,,,,,,,,
124,1190237,167,Manchester City,7.622142857,5,W,23/09/2017,6,14,71.9,21,,9,25,1,6,,10,3,2,4,10,1,724,8,7,9,,1,,,656,,3,,,,,,1,,,,,
125,1190237,162,Crystal Palace,6.051538462,,L,23/09/2017,7,14,28.1,21,,3,5,,16,,10,,,1,10,,281,2,2,,1,,1,,205,,,,,,,,,,,,,
126,1190238,29,West Ham,7.154285714,2,W,11/9/17,11,4,43.5,27,,6,19,1,21,3,34,3,,1,26,,311,10,10,3,2,,,,216,,1,,,1,,,1,,,1,,
127,1190238,166,Huddersfield,6.383571429,,L,11/9/17,14,8,56.5,20,,7,10,,19,,26,,1,1,34,1,426,3,1,2,,,1,,330,,,,,,,,,,,,,
128,1190239,183,Bournemouth,6.285,,L,28/10/2017,5,7,41.7,25,1,3,7,,7,,12,,,2,15,,459,5,3,1,,,,1,376,,,,,,,,,,,,,
129,1190239,15,Chelsea,6.997142857,1,W,28/10/2017,5,5,58.3,17,1,6,18,,16,1,15,1,2,2,12,2,653,5,7,5,2,1,5,,569,,,,,,,,,,,,,
130,1190240,18,Southampton,6.430714286,,L,23/09/2017,12,8,60.6,21,,4,14,1,18,,6,3,2,1,18,,544,8,6,4,2,,3,,453,,,,,,,1,,,,,,
131,1190240,32,Manchester United,6.992142857,1,L,23/09/2017,9,5,39.4,18,,2,9,1,16,,18,1,2,1,6,,368,4,3,4,1,,2,,288,,1,,,,,,,,,,,
132,1190241,183,Bournemouth,6.918571429,2,W,15/09/2017,5,18,62.5,16,,7,15,,12,,23,2,,3,17,,647,6,5,3,,2,1,,573,,,,,,,1,,,,,,
133,1190241,211,Brighton,6.665384615,1,L,15/09/2017,12,13,37.5,23,,2,9,,19,,17,1,,3,23,,390,4,5,2,,,1,,290,,,,,1,1,,,1,,1,,
134,1190242,211,Brighton,6.637692308,1,T,29/10/2017,9,9,51.9,23,1,1,7,,18,1,16,,1,1,9,,490,2,4,2,1,,,,395,1,,,,,,,,,,,,
135,1190242,18,Southampton,6.437142857,1,T,29/10/2017,10,8,48.1,23,,3,6,,16,,9,1,,,16,,450,7,2,1,,,1,,360,,1,,1,1,,,,,,,,
136,1190243,96,Stoke,5.822307692,,L,23/09/2017,5,3,44.1,27,,4,13,,18,2,7,3,1,1,11,,407,5,7,2,1,,,,319,,,,,,,1,,,,,,
137,1190243,15,Chelsea,7.525714286,4,W,23/09/2017,14,14,55.9,17,,,7,,26,,11,1,,,7,,547,,3,4,2,1,1,,466,,1,,,,,,,2,,,,
138,1190244,184,Burnley,7.223333333,1,W,30/10/2017,9,9,47.1,22,,4,12,,14,,24,1,2,,29,1,451,5,3,5,2,,4,1,343,,,1,,,,,,,,,,
139,1190244,23,Newcastle United,6.583571429,,L,30/10/2017,10,7,52.9,22,,4,12,1,10,,29,,2,2,24,1,521,3,3,5,1,,1,,409,,,,,,1,,,,,,,
140,1190245,259,Swansea,6.505,1,L,23/09/2017,9,8,50.8,24,,4,10,,21,,23,1,2,1,29,,429,6,3,3,1,,,,323,,,,,,,,,1,,,,
141,1190245,27,Watford,6.894285714,2,W,23/09/2017,16,12,49.2,22,,2,8,1,17,,29,1,,,23,1,433,4,2,4,1,,3,,340,,,1,,,,,1,,,,,
142,1190246,162,Crystal Palace,6.808461538,2,T,28/10/2017,18,14,55.9,19,1,3,20,1,21,1,19,,3,2,19,,410,11,8,9,3,1,3,1,316,,,,1,1,,2,,1,,,1,
143,1190246,29,West Ham,6.895,2,T,28/10/2017,15,15,44.1,25,1,1,6,,23,,19,,,,19,,331,2,3,2,2,1,1,,238,1,,,,,,,,,,,,
144,1190247,29,West Ham,6.632857143,2,L,23/09/2017,10,6,48.9,28,1,1,10,,19,2,16,1,1,1,22,,367,4,5,4,,1,6,1,261,,,1,,,,,,,,,,
145,1190247,30,Tottenham,6.862857143,3,W,23/09/2017,20,9,51.1,29,,3,15,,19,1,22,3,1,,16,,394,3,7,5,1,1,5,1,293,,1,,1,2,,,,1,1,,,
146,1190248,14,Leicester,7.115,2,W,29/10/2017,6,8,40.4,20,,1,9,,14,1,20,2,1,,22,,324,3,5,3,2,,4,,214,,,1,,,,,1,,,,,
147,1190248,31,Everton,6.356428571,,L,29/10/2017,10,6,59.6,30,,6,15,1,19,1,22,2,,1,20,1,470,10,7,2,3,,1,,374,,,,,,,,,,,,,
148,1190249,13,Arsenal,7.405,2,W,1/10/17,7,10,65.2,17,1,6,25,4,15,,30,1,2,2,13,3,697,6,8,11,3,1,2,,612,1,,,,1,,,,,1,,,
149,1190249,211,Brighton,6.553571429,,L,1/10/17,8,10,34.8,26,,3,9,1,10,1,13,2,,,30,,357,5,5,1,1,,3,,269,,,,,1,,,,,1,,,
150,1190250,26,Liverpool,7.205714286,3,W,28/10/2017,10,8,73.4,24,,2,16,2,14,1,14,,3,2,10,,766,9,6,8,2,1,,,660,,1,,1,1,,,1,,,,,
151,1190250,166,Huddersfield,6.207857143,,L,28/10/2017,8,7,26.6,27,,,1,,13,,10,,,1,14,,280,2,1,,,,1,,174,,,,,,,,,,,,,1
152,1190251,183,Bournemouth,6.853571429,,T,30/09/2017,6,14,60.9,23,2,5,19,2,12,1,24,2,1,2,27,,540,7,10,4,2,,1,,436,,,,,1,1,,,,,1,,
153,1190251,14,Leicester,6.849285714,,T,30/09/2017,10,10,39.1,18,,3,8,,19,,27,2,,1,24,,347,5,4,1,1,,3,1,221,,,,,,,,,,,,,
154,1190252,32,Manchester United,6.852142857,1,W,28/10/2017,12,7,44.8,28,1,3,11,1,9,,16,1,1,2,13,,405,6,5,3,,,2,,283,,,,,1,,,,1,1,,,
155,1190252,30,Tottenham,6.622307692,,L,28/10/2017,14,8,55.2,29,,4,13,,11,1,13,1,1,1,16,2,509,3,5,4,2,,1,,394,,,,,,1,,,,,,,
156,1190253,15,Chelsea,6.497857143,,L,30/09/2017,8,10,38.1,25,1,,4,,19,,7,,1,,18,1,395,4,2,2,1,,8,,311,,,,,,,,,,,,,
157,1190253,167,Manchester City,7.064285714,1,W,30/09/2017,13,8,61.9,19,,5,17,1,19,,18,2,,1,7,3,653,8,6,6,3,,,,578,,,,,,,1,,1,,,,
158,1190254,27,Watford,6.403846154,,L,28/10/2017,10,11,70.2,29,,8,15,,11,,22,2,,1,32,,561,8,7,,4,,4,,456,,,,,,,,,,,,,
159,1190254,96,Stoke,7.078461538,1,W,28/10/2017,9,3,29.8,26,,1,6,,18,,32,2,1,,22,,249,1,3,2,,,2,,150,,,,,1,,,,1,1,,,
160,1190255,31,Everton,6.556428571,,L,1/10/17,14,7,63.2,15,,8,25,1,8,1,32,5,3,4,35,,501,9,13,4,3,,1,,398,,,,,,,,,,,,,
161,1190255,184,Burnley,7.3525,1,W,1/10/17,7,7,36.8,18,,2,5,,18,,35,1,,,32,,295,3,1,2,,,1,1,179,,1,,,,,,,,,,,
162,1190256,175,West Bromwich Albion,6.520714286,2,L,28/10/2017,10,12,21.7,17,,2,7,1,21,,12,,,1,17,1,254,1,1,4,,1,5,,151,,,1,,,,,,,,,,
163,1190256,167,Manchester City,6.978461538,3,W,28/10/2017,7,15,78.3,15,2,2,15,,16,,17,3,1,3,12,1,929,2,8,5,,2,1,,843,,,,,,,,,1,,,,
164,1190257,166,Huddersfield,6.042142857,,L,30/09/2017,7,5,40.5,31,,3,6,,25,,11,,1,,14,,368,4,2,1,1,,4,,269,,,,,1,,,,,,1,,
165,1190257,30,Tottenham,7.465,4,W,30/09/2017,4,12,59.5,30,,2,14,,16,1,14,1,3,2,11,,558,7,5,7,,,2,,452,1,,,1,1,,,,3,,,,
166,1190258,15,Chelsea,7.074285714,1,W,5/11/17,16,10,54,27,,4,18,,14,1,17,2,4,1,19,2,471,4,6,8,2,,,,370,,,,,,1,,1,,,,,
167,1190258,32,Manchester United,6.434285714,,L,5/11/17,20,4,46,29,,5,10,2,13,,19,,,1,17,,396,7,3,2,2,,,,301,,,,,,,,,,,,,
168,1190259,32,Manchester United,7.565,4,W,30/09/2017,6,12,59.3,21,,5,18,2,17,,17,1,1,3,8,,566,6,6,7,2,,2,,474,,,,,,,,,4,,,,
169,1190259,162,Crystal Palace,6.103571429,,L,30/09/2017,9,10,40.7,17,1,1,6,,20,1,8,,,1,17,,377,5,4,1,1,,1,,295,,,,,,1,,,,,,,
170,1190260,31,Everton,6.911428571,3,W,5/11/17,14,5,37.9,21,1,2,9,,20,,25,,2,,34,,294,2,2,5,1,2,5,,196,,1,,,,,,,,,,1,
171,1190260,27,Watford,6.711428571,2,L,5/11/17,12,13,62.1,36,1,2,11,,14,,34,,1,1,25,,472,5,6,3,4,2,1,,356,,,,,,,,,,,,,
172,1190261,23,Newcastle United,6.522142857,1,T,1/10/17,11,3,32.2,21,,2,8,2,14,1,17,,1,,20,1,295,1,1,5,,,1,,196,,,,,,,,,1,,,,
173,1190261,26,Liverpool,6.724285714,1,T,1/10/17,6,10,67.8,24,,6,17,,16,1,20,2,1,3,17,,613,5,9,2,3,,2,,515,1,,,,,,,,,,,,
174,1190262,166,Huddersfield,6.941428571,1,W,4/11/17,8,5,50.1,22,,1,7,,20,,19,,1,2,17,1,421,3,3,3,1,,4,,339,,,,,,,,1,,,,,
175,1190262,175,West Bromwich Albion,6.407142857,,L,4/11/17,15,9,49.9,30,,4,9,1,13,,17,1,,,19,2,417,5,2,3,1,,4,,330,,,,,,,,,,,,,
176,1190263,96,Stoke,6.875714286,2,W,30/09/2017,11,4,29.5,21,,10,17,1,14,,29,,1,1,21,2,262,5,1,6,,1,1,,171,,1,,,,,,,,,,,
177,1190263,18,Southampton,6.78,1,L,30/09/2017,10,15,70.5,20,2,6,21,1,14,1,21,2,1,2,29,,620,6,12,3,5,,3,,533,,,1,,,,,,,,,,1
178,1190264,175,West Bromwich Albion,6.847857143,2,T,30/09/2017,12,10,34.9,11,,2,9,,25,,31,1,1,2,27,1,295,7,3,4,,,1,,205,,1,,,,,,,1,,,,
179,1190264,27,Watford,6.818461538,2,T,30/09/2017,11,9,65.1,22,,6,15,,21,,27,4,,2,31,1,552,6,6,3,,1,1,,464,,,,,,,,,1,,,,
180,1190265,29,West Ham,7.062142857,1,W,30/09/2017,15,6,43.2,29,,2,9,,22,,24,1,1,,19,1,375,2,3,4,1,,1,,287,,,1,,1,1,,,,,1,,
181,1190265,259,Swansea,6.455714286,,L,30/09/2017,13,6,56.8,29,1,2,6,,14,,19,1,,1,24,,501,1,3,1,,,,,412,,,,,,,1,,,,,,
182,1190266,211,Brighton,6.835,1,T,15/10/2017,12,9,46.9,18,,6,12,1,18,,25,1,,1,24,,385,7,3,3,1,,5,1,285,,,,,,,,,1,,,,
183,1190266,31,Everton,6.834285714,1,T,15/10/2017,10,12,53.1,22,,2,13,1,20,1,24,3,3,1,25,,451,1,5,6,,1,1,,354,,,,,,1,,,,,,1,
184,1190267,184,Burnley,6.688571429,1,T,14/10/2017,11,9,62.1,21,,7,20,1,12,1,30,3,1,3,25,2,454,7,8,5,,1,2,,356,,,,,1,,,,,1,,,
185,1190267,29,West Ham,6.62,1,T,14/10/2017,14,6,37.9,18,,1,8,,9,,25,,,,30,1,285,4,1,6,1,,1,1,189,,1,,,,2,1,,,,,,
186,1190268,162,Crystal Palace,6.715,2,W,14/10/2017,7,11,43,23,1,3,14,2,23,,5,2,,1,24,,431,5,6,5,2,,1,1,309,,,,,,,1,,1,,,,
187,1190268,15,Chelsea,6.757857143,1,L,14/10/2017,6,13,57,19,,4,15,1,23,1,24,,3,3,5,,559,8,6,5,1,,6,,459,,,,,1,,,,1,,1,,
188,1190269,14,Leicester,6.67,1,T,16/10/2017,13,14,57,35,,4,11,,21,1,19,2,1,1,20,,486,4,4,3,,1,1,1,367,,,,,,,,,,,,,
189,1190269,175,West Bromwich Albion,6.671538462,1,T,16/10/2017,6,7,43,31,,1,5,,15,1,20,,,,19,,378,1,3,1,2,,1,,271,,,,,,,,1,,,,,
190,1190270,26,Liverpool,6.962857143,,T,14/10/2017,7,22,62.2,32,1,6,19,3,17,3,11,,2,2,11,,580,7,8,5,2,,3,,500,,,,,,,,,,,,,
191,1190270,32,Manchester United,6.694285714,,T,14/10/2017,13,10,37.8,23,1,3,6,,21,,11,,1,,11,,354,3,2,1,1,,1,,267,,,,,,,,,,,,,
192,1190271,167,Manchester City,7.589285714,7,W,14/10/2017,5,5,79.3,18,,,20,1,12,,18,2,1,3,7,2,892,5,9,11,4,3,2,,814,1,,1,,,,,,2,,,,
193,1190271,96,Stoke,5.757142857,2,L,14/10/2017,8,6,20.7,13,,1,5,,12,,7,1,,,18,,231,,3,1,2,,1,,152,,,1,,,,,,,,,,
194,1190272,18,Southampton,6.787142857,2,T,15/10/2017,11,12,61.8,24,,4,12,,11,,28,3,,2,18,,583,3,6,2,1,,1,,495,,,,,,,,1,1,,,1,
195,1190272,23,Newcastle United,6.632857143,2,T,15/10/2017,12,9,38.2,19,,6,19,1,14,1,18,1,1,1,28,1,347,8,8,5,4,1,,,260,,1,,,1,,,,,,1,,
196,1190273,259,Swansea,6.968571429,2,W,14/10/2017,12,3,40.2,23,,2,7,1,15,,20,1,,,13,,360,5,2,3,1,,1,,280,,,,,,,,,2,,,,
197,1190273,166,Huddersfield,6.179285714,,L,14/10/2017,16,12,59.8,18,,4,7,2,16,,13,,,1,20,,539,3,1,2,,,,,458,,,,,,,,,,,,,
198,1190274,14,Leicester,7.013333333,1,W,2/12/17,3,9,51.6,30,,7,16,,7,,25,2,1,,21,,415,10,6,3,3,,1,1,302,,1,,1,1,,,,,,,,
199,1190274,184,Burnley,6.577857143,,L,2/12/17,11,3,48.4,20,1,3,14,2,23,,21,3,1,2,25,,382,7,7,4,1,,6,,282,,,,,,,1,,,,,,
200,1190275,184,Burnley,7.335833333,2,W,18/11/2017,12,6,39.2,16,,6,17,2,23,,24,3,3,,22,,296,8,4,7,1,1,3,,204,,,,,,,,,1,,,,
201,1190275,259,Swansea,6.492857143,,L,18/11/2017,12,15,60.8,25,1,4,14,,10,1,22,3,,3,24,,471,6,9,1,1,,1,,379,,,,,,1,,,,,,,
202,1190276,29,West Ham,6.748461538,1,T,24/11/2017,9,18,49.3,27,,1,8,,19,,28,,,2,23,2,381,5,3,4,1,,,,300,,,,,,,1,1,,,,,
203,1190276,14,Leicester,6.722307692,1,T,24/11/2017,12,9,50.7,21,1,,7,,24,,23,3,,,28,,404,5,5,2,1,1,1,1,313,,,,,,,,,,,,,
204,1190277,167,Manchester City,7.094285714,2,W,3/12/17,5,13,77,20,2,11,24,,22,3,17,,,,15,4,753,10,5,8,,,2,1,664,,,,,,,1,,2,,,,
205,1190277,29,West Ham,6.733571429,1,L,3/12/17,7,12,23,19,1,,7,,20,,15,1,1,,17,1,220,4,3,4,1,1,4,,158,,,,,,,1,,,,,,
206,1190278,162,Crystal Palace,6.688461538,2,T,18/11/2017,9,13,68.7,38,1,4,16,2,12,2,16,2,3,,17,,539,9,5,7,,,1,,439,,,,,,,,,2,,,,
207,1190278,31,Everton,6.975714286,2,T,18/11/2017,26,9,31.3,18,,1,8,1,34,1,17,,1,1,16,1,248,4,2,5,,1,1,,159,,,,,,,,,1,,,1,
208,1190279,13,Arsenal,7.745714286,5,W,29/11/2017,10,7,70.3,17,,6,21,,19,,13,,2,5,16,,813,7,8,7,2,3,2,,716,,,1,1,1,,,,1,,,,
209,1190279,166,Huddersfield,5.972142857,,L,29/11/2017,12,7,29.7,22,,2,7,,13,,16,,1,3,13,,337,2,3,2,,,3,1,259,,,,,,,,,,,,,
210,1190280,96,Stoke,6.909285714,2,W,2/12/17,12,9,44.1,29,,1,10,1,13,1,25,1,,2,19,,377,2,6,3,2,,3,,295,,,,,,,,1,1,,,,
211,1190280,259,Swansea,6.456428571,1,L,2/12/17,10,7,55.9,23,,5,10,1,24,2,19,,1,,25,,458,6,2,3,,1,,,372,,,,,,,,,,,,,
212,1190281,14,Leicester,6.178571429,,L,18/11/2017,8,10,25.3,26,,1,2,,11,,12,1,,,13,,266,1,1,,,,3,,175,,,,,,,,,,,,,
213,1190281,167,Manchester City,7.090714286,2,W,18/11/2017,10,13,74.7,19,3,2,12,,13,,13,,,2,12,1,784,7,6,4,1,,1,,705,1,1,,,,1,,,,,,,
214,1190282,183,Bournemouth,6.438571429,1,L,29/11/2017,9,5,62.1,28,,5,11,1,14,2,27,1,,,18,,567,4,4,2,1,,,,453,1,,,,,,,,,,,,
215,1190282,184,Burnley,6.895,2,W,29/11/2017,11,3,37.9,21,,4,10,,22,,18,,1,,27,,345,6,2,4,1,,1,1,247,,1,,,1,,,1,,,1,,
216,1190283,27,Watford,6.596428571,1,T,2/12/17,16,4,50.5,24,,2,6,,20,,19,,1,,15,,399,7,2,2,1,,1,,316,,,,,1,,,,1,1,,,
217,1190283,30,Tottenham,6.565714286,1,T,2/12/17,8,7,49.5,23,,2,8,,21,,15,2,1,1,19,,404,2,4,2,1,1,10,,329,,,,,,,,,,,,,
218,1190284,26,Liverpool,7.252857143,3,W,18/11/2017,15,15,61.1,25,1,7,21,1,11,1,11,3,4,1,18,,562,10,6,8,,,2,,472,1,2,,,,,,,,,,,
219,1190284,18,Southampton,6.253571429,,L,18/11/2017,9,3,38.9,20,,2,5,,26,,18,1,,1,11,,362,2,3,,1,,2,,261,,,,,,,,,,,,,
220,1190285,211,Brighton,6.796428571,,T,28/11/2017,13,8,53.2,28,1,2,10,1,19,,25,,2,1,28,1,452,10,4,4,2,,5,,334,,,,,,,,,,,,,
221,1190285,162,Crystal Palace,7.005833333,,T,28/11/2017,8,13,46.8,12,1,1,10,1,9,,28,1,2,1,25,,405,5,5,4,2,,,1,295,,,,,,,,,,,,,
222,1190286,175,West Bromwich Albion,6.97,,T,2/12/17,11,12,51.1,29,1,6,20,2,15,,27,2,1,1,31,3,395,3,8,6,4,,3,,288,,,,,,,,,,,,,
223,1190286,162,Crystal Palace,7.108333333,,T,2/12/17,10,10,48.9,24,,5,10,1,15,1,31,,1,2,27,,380,7,3,2,,,1,,271,,,,,,,,,,,,,
224,1190287,32,Manchester United,7.288571429,4,W,18/11/2017,10,12,64.7,26,1,3,16,1,15,,14,2,1,1,13,,620,11,6,7,2,1,1,,542,,,,,,1,,1,2,,,,
225,1190287,23,Newcastle United,6.432857143,1,L,18/11/2017,9,12,35.3,12,,1,12,1,18,,13,4,2,,14,,344,4,6,5,2,1,1,,260,,,,,,,1,,,,,,
226,1190288,14,Leicester,7.023571429,2,W,28/11/2017,7,9,37.4,22,,,7,,23,,16,1,,1,18,1,336,4,3,4,1,,2,,240,1,,,,,1,,,1,,,,
227,1190288,30,Tottenham,6.622142857,1,L,28/11/2017,10,10,62.6,25,,3,18,1,19,1,18,2,3,1,16,,561,9,9,6,5,,1,,465,,,,,,,1,1,,,,,
228,1190289,184,Burnley,7.107692308,1,W,9/12/17,10,5,49,18,,1,8,2,8,,41,1,,1,34,1,377,3,2,5,,,6,,251,,,,,,1,,,1,,,,
229,1190289,27,Watford,6.621538462,,L,9/12/17,12,4,51,20,1,1,11,,10,,34,,1,2,41,,394,5,8,2,5,,3,1,276,,,,,,,,,,,,,
230,1190290,27,Watford,7.230714286,2,W,19/11/2017,13,7,58.5,12,1,2,17,,13,,22,4,3,1,23,1,614,3,8,7,2,1,,1,515,,,,,,,,,1,,,,
231,1190290,29,West Ham,6.442307692,,L,19/11/2017,10,9,41.5,24,1,,10,1,6,,23,,3,1,22,2,434,1,4,6,2,,3,,336,,,,,,,,,,,,,
232,1190291,27,Watford,6.540714286,2,L,28/11/2017,12,14,59.4,25,,4,12,,16,,16,2,,2,16,1,496,5,5,3,,2,,,411,,,,,1,,,,,,1,1,
233,1190291,32,Manchester United,7.036428571,4,W,28/11/2017,10,13,40.6,25,,5,15,3,14,,16,1,,1,16,,346,5,3,7,1,1,,,257,1,1,,,,,,,1,,,,
234,1190292,167,Manchester City,7.080714286,3,W,5/11/17,15,16,58.2,16,,2,9,1,18,,5,,1,2,5,,624,5,2,5,,,3,,544,,1,,,,,,,2,,,1,
235,1190292,13,Arsenal,6.201428571,1,L,5/11/17,15,5,41.8,27,1,,6,1,16,,5,,1,,5,,450,5,3,3,2,1,3,,369,,,,,,,,,,,,,
236,1190293,162,Crystal Palace,6.82,2,T,9/12/17,14,5,45.1,20,1,8,24,3,18,1,23,2,1,1,12,2,345,6,8,8,3,,5,,257,,1,,,,,,1,,,,1,
237,1190293,183,Bournemouth,6.868571429,2,T,9/12/17,14,10,54.9,21,,3,11,1,19,1,12,,2,1,23,,442,3,3,5,1,1,3,,352,1,,,,,,,,,,,,1
238,1190294,175,West Bromwich Albion,6.114285714,,L,18/11/2017,13,10,38.6,18,1,,7,,18,,19,1,,1,13,,378,3,5,2,2,,3,2,307,,,,,,,,,,,,,
239,1190294,15,Chelsea,7.459285714,4,W,18/11/2017,12,15,61.4,15,,2,11,2,14,,13,1,,1,19,1,610,4,2,7,,1,1,,529,,1,1,,,,,,1,,,,
240,1190295,175,West Bromwich Albion,6.867857143,2,T,28/11/2017,13,11,47.9,20,,2,8,,22,,27,,,,27,1,401,1,2,4,1,1,,,305,,1,,,1,1,,,,,1,,
241,1190295,23,Newcastle United,6.641428571,2,T,28/11/2017,12,6,52.1,25,,5,14,,18,1,27,3,2,,27,1,435,6,5,4,1,,2,,342,1,,,,,,,,,,,,
242,1190296,23,Newcastle United,6.838571429,,L,4/11/17,11,8,48,14,1,3,16,1,19,2,31,3,,1,36,,373,11,9,4,1,,5,2,276,,,,1,1,,1,,,,,,
243,1190296,183,Bournemouth,7.057692308,1,W,4/11/17,12,5,52,26,1,4,16,1,10,2,36,1,,,31,3,407,9,6,6,2,,1,1,308,,,,,,,,1,,,,,
244,1190297,166,Huddersfield,7.260714286,2,W,9/12/17,6,6,58.4,28,,5,19,,23,,35,1,3,3,22,1,541,8,8,6,4,1,1,,403,,1,,,,,,,,,,,
245,1190297,211,Brighton,6.215,,L,9/12/17,10,5,41.6,29,1,3,7,1,17,,22,,,1,35,,391,1,2,2,,,5,,267,,,,,,,1,,,,,,
246,1190298,184,Burnley,6.580833333,,L,26/11/2017,8,9,36.3,9,1,3,8,,13,,19,,,,24,1,350,5,3,2,1,,4,,269,,,,,1,,1,,,1,,,
247,1190298,13,Arsenal,7.02,1,W,26/11/2017,14,14,63.7,20,3,7,18,1,11,1,24,3,,1,19,,636,5,9,2,1,1,3,,531,,,,,,,,,,,,1,
248,1190299,15,Chelsea,7.159285714,1,W,29/11/2017,10,12,61.1,25,1,4,21,1,22,1,21,3,1,2,9,5,608,15,7,10,,1,,2,518,,,,,,,,,,,,,
249,1190299,259,Swansea,6.467857143,,L,29/11/2017,7,4,38.9,22,,1,2,,16,1,9,,,,21,,404,1,1,,,,,,315,,,,,,,,,,,,,
250,1190300,18,Southampton,6.41,,L,4/11/17,4,11,62.8,27,1,4,13,1,15,1,16,,,2,23,,575,9,6,3,2,,2,,466,,,,,,1,1,,,,,,
251,1190300,184,Burnley,6.996923077,1,W,4/11/17,4,7,37.2,32,2,2,5,,11,,23,,,,16,,344,1,2,1,,,1,,239,,,,,,,,,1,,,,
252,1190301,26,Liverpool,6.727142857,1,T,10/12/17,8,18,79.4,30,2,8,23,,13,1,14,3,,4,14,,736,12,12,3,2,,1,,644,1,,,,,2,,,,,,,
253,1190301,31,Everton,6.566428571,1,T,10/12/17,11,1,20.6,11,,,3,1,21,,14,1,,,14,,197,1,1,2,,,,,99,,,1,,,,,,,,,1,
254,1190302,162,Crystal Palace,6.95,2,W,25/11/2017,9,9,54,38,,3,10,,27,,14,1,2,,15,1,492,5,2,5,1,,2,,379,,1,,,,,,,1,,,,
255,1190302,96,Stoke,6.753076923,1,L,25/11/2017,5,13,46,38,,1,10,1,20,,15,4,1,1,14,,425,2,6,3,1,,1,,327,,,,,,,,,1,,,,
256,1190303,31,Everton,7.564285714,4,W,29/11/2017,16,11,43.9,21,,1,8,1,19,,26,,,1,22,,411,2,2,5,1,1,2,,325,1,2,,,,,,,,,,,1
257,1190303,29,West Ham,6.057142857,,L,29/11/2017,6,17,56.1,30,,1,7,1,11,,22,,,2,26,1,511,6,3,3,,,1,1,406,,,,,1,,,,,,1,,1
258,1190304,96,Stoke,6.877692308,2,T,4/11/17,12,6,47.2,28,,1,11,2,15,1,27,1,2,,26,1,379,4,3,7,1,2,,,284,,,,,,,,,,,,,
259,1190304,14,Leicester,6.767857143,2,T,4/11/17,8,6,52.8,24,,5,14,,14,,26,2,,1,27,,424,10,5,4,2,,5,2,337,,1,,,,,,1,,,,,
260,1190305,32,Manchester United,6.523571429,1,L,10/12/17,16,14,35.4,20,,1,8,,22,1,13,,3,1,20,1,329,2,2,5,,1,4,,225,,,,,,,,,,,,,
261,1190305,167,Manchester City,6.844285714,2,W,10/12/17,10,17,64.6,20,1,4,14,2,18,,20,,2,2,13,,606,8,3,7,,,,,502,,,1,,,,1,,1,,,,
262,1190306,166,Huddersfield,6.358571429,1,L,26/11/2017,10,8,20.5,19,1,1,4,,16,,19,1,,,11,,184,3,3,,1,,3,,94,,,,,,,,,,,,,
263,1190306,167,Manchester City,6.797142857,2,W,26/11/2017,10,15,79.5,16,1,2,14,1,21,,11,2,1,2,19,,733,7,7,5,1,,3,,642,,,1,,1,,1,,1,,1,1,
264,1190307,167,Manchester City,6.983076923,2,W,29/11/2017,12,7,74.3,29,,6,26,2,16,,19,1,3,3,13,4,778,6,8,12,4,1,1,,668,,,,,,1,,1,,,,,
265,1190307,18,Southampton,6.756428571,1,L,29/11/2017,11,9,25.7,13,,2,7,1,15,,13,,,2,19,,270,5,3,2,,,1,,157,,,,,1,,,1,,,1,,
266,1190308,259,Swansea,6.551428571,,L,4/11/17,13,11,56.1,22,1,7,12,,12,,27,1,1,,23,,468,8,3,2,,,1,,379,,,,,1,1,,,,,1,,
267,1190308,211,Brighton,6.898571429,1,W,4/11/17,12,3,43.9,16,,1,5,,17,,23,1,,,27,,371,7,2,2,1,,2,1,267,,,,,,,,,1,,,,
268,1190309,23,Newcastle United,6.655714286,2,L,9/12/17,10,9,37.8,21,,2,10,,21,,33,2,1,,24,1,337,6,4,4,2,1,1,,230,,1,,,,,,,,,,,
269,1190309,14,Leicester,6.890714286,3,W,9/12/17,8,22,62.2,21,1,1,13,1,20,2,24,2,,,33,2,562,5,7,5,2,,2,,446,1,,,,,,,1,,,,,
270,1190310,26,Liverpool,6.808571429,1,T,25/11/2017,10,13,53.5,22,1,9,16,1,19,,7,1,1,,12,1,587,7,3,4,1,,,,504,,,,,,,,,1,,,,
271,1190310,15,Chelsea,6.896428571,1,T,25/11/2017,7,18,46.5,19,,3,11,1,23,1,12,1,,1,7,,497,8,5,3,2,,5,,411,1,,,,,,1,,,,,,
272,1190311,96,Stoke,6.345384615,,L,29/11/2017,8,11,39.9,24,1,5,10,,16,1,34,1,1,1,25,,349,5,4,1,,,4,,244,,,,,,,,,,,,,
273,1190311,26,Liverpool,7.311428571,3,W,29/11/2017,10,11,60.1,23,,4,14,,14,1,25,1,2,,34,1,548,10,3,7,,1,2,1,445,,1,1,1,1,,,,,,,,
274,1190312,30,Tottenham,6.979285714,1,W,5/11/17,6,7,68.4,27,,4,12,,20,,16,1,1,1,14,,583,10,6,2,4,1,3,,491,,,,,,,,,,,,,
275,1190312,162,Crystal Palace,6.548333333,,L,5/11/17,7,8,31.6,22,,3,11,1,19,,14,2,,1,16,2,268,9,5,3,2,,4,,185,,,,,,,,,,,,,
276,1190313,18,Southampton,6.81,1,T,10/12/17,12,12,33,13,,1,6,1,14,,9,1,1,,12,,375,4,2,3,,,4,,296,,1,,,1,,,,,,1,,
277,1190313,13,Arsenal,6.575714286,1,T,10/12/17,10,9,67,19,,1,11,1,13,1,12,,1,,9,2,758,5,4,6,3,,1,,664,,,,,,1,,,1,,,,
278,1190314,32,Manchester United,6.94,1,W,25/11/2017,9,18,58.3,22,1,4,15,,10,,14,1,4,1,14,,565,5,7,4,4,,2,,478,,,,,,,,,,,,,
279,1190314,211,Brighton,6.483571429,,L,25/11/2017,9,5,41.7,17,1,3,8,,18,,14,1,2,,14,,404,,3,2,1,,1,,311,,,,,,,,,,,,,
280,1190315,13,Arsenal,6.497142857,1,L,2/12/17,11,9,75.1,24,1,11,33,5,18,,12,,5,2,25,2,656,12,6,16,2,1,4,,562,,,,1,1,2,1,,,,,,
281,1190315,32,Manchester United,7.478571429,3,W,2/12/17,10,7,24.9,12,,3,8,,15,,25,1,1,,12,,222,1,1,4,,2,,,147,,1,,,,,,,,,,,
282,1190316,29,West Ham,6.131428571,1,L,4/11/17,9,9,48,22,1,,6,,10,,16,,,3,14,,442,2,5,1,,,5,,335,,,,,1,,,,1,1,,,
283,1190316,26,Liverpool,7.107142857,4,W,4/11/17,13,10,52,25,1,1,15,3,20,,14,1,,1,16,,488,3,7,7,4,,1,,381,,,,,,,,1,3,,,,
284,1190317,259,Swansea,7.044285714,1,W,9/12/17,8,13,54.3,25,,7,18,1,20,1,21,1,,4,28,1,461,6,8,3,2,,1,,365,,,,,,,,1,,,,,
285,1190317,175,West Bromwich Albion,6.435714286,,L,9/12/17,18,6,45.7,30,,3,7,1,15,,28,,,1,21,,396,3,3,1,2,,2,,298,,,,,,,,,,,,,
286,1190318,23,Newcastle United,6.390714286,,L,25/11/2017,8,11,52.4,26,2,5,12,,12,,28,2,,,23,2,480,6,5,2,1,,4,,378,,,,,,,,,,,,,
287,1190318,27,Watford,7.337857143,3,W,25/11/2017,13,4,47.6,19,1,1,12,1,27,,23,3,,2,28,1,441,3,7,4,1,,1,,315,,1,,,,,,,1,,,,
288,1190319,183,Bournemouth,6.726428571,1,T,3/12/17,6,10,47.8,31,1,4,16,1,12,1,13,2,,2,23,2,415,5,7,5,1,,,1,330,,1,,,,,,,,,,,
289,1190319,18,Southampton,6.961428571,1,T,3/12/17,12,13,52.2,10,,2,15,1,23,1,23,,1,4,13,1,458,4,9,4,4,,6,,371,,,,,,,,,1,,,,
290,1190320,13,Arsenal,7.229230769,2,W,18/11/2017,11,7,42.1,21,,5,14,1,18,1,16,1,2,1,20,,399,7,4,5,1,,8,,281,1,,,,,,,1,,,,,
291,1190320,30,Tottenham,6.508571429,,L,18/11/2017,16,15,57.9,28,,2,14,,12,2,20,1,2,,16,1,549,4,8,4,5,,1,,436,,,,,,,1,,,,,,
292,1190321,30,Tottenham,7.320714286,5,W,9/12/17,12,5,70.8,17,,3,20,1,18,1,19,2,5,1,21,1,657,12,6,11,2,1,7,,579,,,,,,,,,3,,,,
293,1190321,96,Stoke,6.275,1,L,9/12/17,9,6,29.2,12,,,4,1,17,,21,1,1,,19,,268,6,1,3,,,2,,172,,,,,,,,,1,,,,
294,1190322,18,Southampton,7.284285714,4,W,26/11/2017,6,8,67.2,29,,5,17,,19,2,26,2,,1,24,1,663,7,7,5,1,1,,,564,,1,1,,1,,,,1,1,,,
295,1190322,31,Everton,6.156428571,1,L,26/11/2017,13,4,32.8,19,,,5,,12,1,24,,1,1,26,,329,2,3,2,1,,,,232,,,,,,,,,1,,,,
296,1190323,211,Brighton,6.022142857,1,L,2/12/17,8,6,42.8,12,1,1,6,,18,,16,1,1,,13,,489,2,3,2,1,,,,398,,,,,,,,1,,,,1,
297,1190323,26,Liverpool,7.242857143,5,W,2/12/17,7,9,57.2,21,,2,12,,17,,13,1,2,2,16,,662,2,4,6,1,1,2,,583,1,,1,,,,,,1,,,,
298,1190324,183,Bournemouth,7.3,4,W,18/11/2017,13,4,30.7,15,1,,9,,12,,22,2,,1,12,,246,8,4,5,,,1,1,147,1,1,,,,,,,2,,,,
299,1190324,166,Huddersfield,6.130714286,,L,18/11/2017,10,11,69.3,25,,6,19,1,19,1,12,3,1,,22,,539,11,10,3,6,,,1,441,,,,,,,,,,,,,
300,1190325,29,West Ham,7.188461538,1,W,9/12/17,10,22,30.6,21,,2,5,,22,,14,1,1,,18,,299,4,1,2,,1,3,,219,,,,,,,,,,,,,
301,1190325,15,Chelsea,6.566428571,,L,9/12/17,10,15,69.4,23,,9,19,,24,,18,3,,3,14,2,683,3,8,2,2,,2,,586,,,,,,,,,,,,,
302,1190326,259,Swansea,6.850769231,,T,25/11/2017,18,10,48.2,23,2,3,10,1,17,,18,1,,1,17,,447,4,6,1,1,,3,,350,,,,,1,,,,,,1,,
303,1190326,183,Bournemouth,6.807142857,,T,25/11/2017,6,13,51.8,21,,2,9,1,16,,17,1,2,,18,1,472,5,2,5,1,,1,,390,,,,,,1,,,,,,,
304,1190327,15,Chelsea,7.213571429,3,W,2/12/17,8,18,65.6,18,,6,23,,17,1,20,2,5,1,10,1,743,11,8,9,3,1,2,,647,,2,,,1,,,,,1,,1,
305,1190327,23,Newcastle United,6.31,1,L,2/12/17,13,6,34.4,16,,2,8,1,17,,10,1,,1,20,,390,4,4,2,2,,1,,299,,1,,,,,,,,,,,
306,1190328,211,Brighton,6.610714286,2,T,20/11/2017,13,11,53.8,17,,,9,,14,,9,4,,1,22,,462,6,6,3,1,,3,1,364,,1,,,,,,,1,,,,
307,1190328,96,Stoke,7.0275,2,T,20/11/2017,5,18,46.2,24,,5,13,,10,,22,1,1,,9,2,396,7,2,6,1,,1,1,316,1,,,,,,,,1,,,,
308,1190330,30,Tottenham,6.756923077,1,T,25/11/2017,10,17,72.5,28,1,10,25,1,15,1,21,3,2,2,27,,689,8,10,5,3,,2,,601,,,,,,1,,,1,,,,
309,1190330,175,West Bromwich Albion,6.834285714,1,T,25/11/2017,13,10,27.5,19,,,5,,20,,27,,1,,21,,266,,3,2,3,1,6,,190,,,,,,,,,,,,,
310,1190331,31,Everton,7.182857143,2,W,2/12/17,12,4,47.1,33,,1,6,,13,,40,,,,29,1,367,2,1,4,1,1,1,,252,1,,,,,,1,,,,,,
311,1190331,166,Huddersfield,6.500769231,,;,2/12/17,9,7,52.9,31,,,5,1,23,1,29,,1,,40,,396,5,2,3,1,,,1,281,,,,,,,,,,,,,
312,1190459,18,Southampton,6.757142857,3,W,19/08/2017,18,3,66.1,16,,3,14,,10,1,16,2,1,,25,1,569,7,6,5,2,,1,,487,,2,,,1,,,,1,,1,2,
313,1190459,29,West Ham,6.587142857,2,L,19/08/2017,10,6,33.9,13,,2,16,1,12,,25,6,1,,16,1,287,2,6,8,,,,2,192,1,,,,,,1,,1,,,,
314,1190519,184,Burnley,6.917142857,1,W,12/12/17,6,2,51,32,2,3,10,1,14,,31,1,,,44,,392,6,5,2,2,,4,,251,,,,,,,,,1,,,,
315,1190519,96,Stoke,6.713076923,,L,12/12/17,14,6,49,29,,1,14,1,17,,44,1,3,2,31,,380,4,6,7,2,,2,2,240,,,,,1,,1,,,1,,,
316,1190521,166,Huddersfield,6.181428571,1,L,12/12/17,11,8,35.8,15,1,1,7,,8,,11,,,1,11,1,431,1,4,2,2,,2,,363,,,,,,,,,1,,,,
317,1190521,15,Chelsea,7.07,3,W,12/12/17,4,12,64.2,21,1,3,12,,10,,11,1,1,1,11,1,769,3,4,5,1,,10,,707,,1,,,,,,1,1,,,,
318,1190523,259,Swansea,6.092142857,,L,13/12/2017,12,14,21.5,17,,2,8,1,12,1,10,2,2,,11,,223,2,3,3,,,2,,149,,,,,,,,,,,,,
319,1190523,167,Manchester City,7.662857143,4,W,13/12/2017,6,19,78.5,22,1,3,23,2,17,1,11,1,3,5,10,1,834,5,10,10,2,2,1,,763,,1,,,,,,,1,,,,
320,1190525,29,West Ham,7.056666667,,T,13/12/2017,9,15,29.9,21,,2,6,,11,,20,1,,1,19,,300,1,4,,1,,4,,214,,,,,1,,,,,,1,,
321,1190525,13,Arsenal,7.066153846,,T,13/12/2017,9,15,70.1,21,,11,22,1,17,,19,2,,1,20,1,704,7,8,3,4,,,,607,,,,,1,1,,,,1,,,
322,1190527,162,Crystal Palace,6.865,2,W,12/12/17,14,8,53.6,21,2,4,14,,13,,35,2,2,1,16,,415,4,6,4,1,,3,,318,,1,,,,,,,1,,,,
323,1190527,27,Watford,6.415,1,L,12/12/17,18,4,46.4,24,,2,7,,21,,16,2,1,1,35,,352,6,3,2,,,,,242,,,,,,,,1,,,,,
324,1190529,32,Manchester United,6.960714286,1,W,13/12/2017,14,8,56.4,21,,4,9,,13,,10,,,1,12,1,570,4,3,2,1,,2,,482,,,,,1,,,1,,,1,,
325,1190529,183,Bournemouth,6.49,,L,13/12/2017,12,8,43.6,14,1,3,14,1,10,,12,1,2,1,10,3,427,9,4,7,1,,,,342,,,,,,,1,,,,,,
326,1190531,23,Newcastle United,6.435714286,,L,13/12/2017,10,11,55,41,,8,16,1,17,,34,1,1,,37,2,509,4,4,4,1,,2,,392,,,,1,2,,,,,1,,,
327,1190531,31,Everton,7.12,1,W,13/12/2017,11,4,45,23,2,,7,2,25,,37,,1,,34,,426,1,3,4,1,1,3,,312,,,,,,,,,,,,,
328,1190533,18,Southampton,6.337857143,1,L,13/12/2017,13,9,53.4,28,,2,11,,19,,21,,1,2,16,,413,9,5,4,3,,3,2,334,,,,,,,,,1,,,,
329,1190533,14,Leicester,7.273571429,4,W,13/12/2017,9,9,46.6,25,,3,16,1,23,,16,2,,,21,4,369,9,2,11,,,1,2,278,,3,,,,,,,1,,,,
330,1190534,30,Tottenham,7.012857143,1,W,14/10/2017,9,8,72.9,32,,8,18,,19,,19,1,4,2,16,,688,9,4,6,1,1,3,,613,,,,,,1,,,,,,,
331,1190534,183,Bournemouth,6.371428571,,L,14/10/2017,7,2,27.1,19,,1,5,,11,,16,1,,2,19,1,254,5,3,1,,,1,,169,,,,,,,,,,,,,
332,1190536,26,Liverpool,6.900714286,,T,13/12/2017,16,17,70.2,24,,6,14,2,20,,17,2,2,,17,1,711,5,3,5,1,,1,,611,,,,,,,,,,,,,
333,1190536,175,West Bromwich Albion,6.99,,T,13/12/2017,6,7,29.8,15,1,1,6,,24,1,17,,,1,17,,291,7,4,1,,,4,1,195,,,,,1,,,,,,1,,
334,1190537,27,Watford,6.827857143,2,W,14/10/2017,8,6,46.1,19,,3,11,,15,,22,3,,1,30,,465,2,6,2,2,,1,,365,,,1,,,,,,1,,,1,
335,1190537,13,Arsenal,6.592857143,1,L,14/10/2017,10,2,53.9,15,1,,9,2,18,,30,1,2,1,22,1,552,5,3,6,,,,,442,,,1,,,,,,,,,,
336,1190539,30,Tottenham,7.253571429,2,W,13/12/2017,5,11,75.1,28,1,11,25,2,15,,20,1,1,3,20,3,749,10,6,8,1,,3,,663,1,,,,,,,1,,,,,
337,1190539,211,Brighton,6.483571429,,L,13/12/2017,10,5,24.9,20,,1,7,,13,,20,1,1,1,20,,248,2,2,4,,,1,2,161,,,,,,1,,,,,,,
338,1190540,15,Chelsea,7.286428571,4,W,21/10/2017,13,13,52.5,11,1,1,14,1,22,1,24,2,1,,16,,462,6,5,8,1,2,6,1,377,1,1,,,,1,,,,,,,
339,1190540,27,Watford,6.437142857,2,L,21/10/2017,16,5,47.5,22,1,5,16,,17,2,16,1,2,,24,,406,6,6,5,2,1,3,,324,,,,,,1,,,1,,,,